,,Item Classification,,,,Attribute Classification,,,,,,Connection with Alliance companies validation items,,,Structure of Evaluation item (Japanese),,,,,,,,,,Structure of Evaluation item (English),,,,,,,,,,Application,,,Deployment,,,,,,,,Achievement,,,,,,,,Digital Phase Evaluation,,,,,,,,,,,,,,,,,,,,Physical Phase Confirmation,,,,,,,,,,,,,,,,,Physical Phase Evaluation,,,,,,,,,,,,,,,,,,,,,,,,,,,,,,,,,,,,,Market,USA,USA,USA,CANADA,CANADA,CANADA,,
,,,,,,,,,,,,,,,Performance Targets,,Vehicle Targets,,,Component Targets,,,,,Performance Targets,,Vehicle Targets,,,Component Targets,,,,,Development pattern,,,Section name,,Person in charge,,,,,,Section name,,Person in charge,,,,,,Digital,,,,,,,,,,,,,,,,,,,,Physical Confirmation,,,,,,,,,,,,,,,,,Physical,,,,,,,,,,,,,,,,,,,,,,,,,,,,,,,,,,,,,Engine,7DQ,7DQ,7DQ,7DQ,7DQ,7DQ,,
,,,,,,,,,,,,,,,,,,,,,,,,,,,,,,,,,,,,,,,,,,,,,,,,,,,,,,Section name,,Person in charge,,,,DS,,,,,,,DC,,,,,,,Section name,,Person in charge,,,,PFC,,,,,,,,,,,Section name,,Person in charge,,,,VC,,,,,,,,,,PT1,,,,,,,,,,PT2,,,,,,,,,,,Gearbox,ATM (FOR EV),ATM (FOR EV),ATM (FOR EV),ATM (FOR EV),ATM (FOR EV),ATM (FOR EV),,
,,,,,,,,,,,,,,,,,,,,,,,,,,,,,,,,,,,,,,,,,,,,,,,,,,,,,,,,,,,,,Evaluation result,,,,,,,Evaluation result,,,,,,,,,,,,,PLAN,,Evaluation result,,,,,,,,,,,,,,,PLAN,Evaluation result,,,,,,,,,PLAN,Evaluation result,,,,,,,,,PLAN,Evaluation result,,,,,,,,,Axle,2WD,AWD,AWD,2WD,AWD,AWD,,
,,,,,,,,,,,,,,,,,,,,,,,,,,,,,,,,,,,,,,,,,,,,,,,,,,,,,,,,,,,,,First time,,,,Counter Measures,,,First time,,,,Counter Measures,,,,,,,,,,,First time,,,,,Counter Measures,,,,,,,,,,,First time,,,,,Counter Measures,,,,,First time,,,,,Counter Measures,,,,,First time,,,,,Counter Measures,,,,Handle,LHD,LHD,LHD,LHD,LHD,LHD,,
Actions,CADICS No.,SNT,Regulations,PEP,Other,Good Design,Y0,Y0 No.,CAR recurrence prevention,Solution,Solution No.,Common Validation item,Procedure,Requirement,Step 1,Step 2,Step 1,Step 2,Step 3,Level 1,Level 2,Level 3,Level 4,Comment,Step 1,Step 2,Step 1,Step 2,Step 3,Level 1,Level 2,Level 3,Level 4,Comment,Digital evaluation,PF evaluation,Physical evaluation,KCA Project group,Team,Manager name,ID or Mail account,Name of person in charge,ID or Mail account,Target value,Comment,KCA Project group,Team,Manager name,ID or Mail account,Name of person in charge,ID or Mail account,Agreement of target,Comment,KCA Project group,Team,Manager name,ID or Mail account,Evaluation Responsible,ID or Mail account,Evaluate or not,Result(OK/NOK),Report No.,	Number of Q-BASE,Q-BASE number,Result(OK/NOK),Comment,Evaluate or not,Result(OK/NOK),Report No.,	Number of Q-BASE,Q-BASE number,Result(OK/NOK),Comment,KCA Project group,Team,Manager name,ID or Mail account,Evaluation Responsible,ID or Mail account,Evaluate or not,Confirmation first time date,Feedback timing,Result(OK/NOK),Confirmation completion date,Report No.,Number of Q-BASE,Q-BASE number,Result(OK/NOK),Confirmation completion date,Comment,KCA Project group,Team,Manager name,ID or Mail account,Evaluation Responsible,ID or Mail account,Evaluate or not,Confirmation first time date,Result(OK/NOK),Confirmation completion date,Report No.,Number of Q-BASE,Q-BASE number,Result(OK/NOK),Confirmation completion date,Comment,Evaluate or not,Confirmation first time date,Result(OK/NOK),Confirmation completion date,Report No.,Number of Q-BASE,Q-BASE number,Result(OK/NOK),Confirmation completion date,Comment,Evaluate or not,Confirmation first time date,Result(OK/NOK),Confirmation completion date,Report No.,Number of Q-BASE,Q-BASE number,Result(OK/NOK),Confirmation completion date,Comment,Common or unique applied validation,Lead Company,CONF-001,CONF-002,CONF-003,CONF-004,CONF-005,CONF-006,,
,MSTR-013-0138600,,,,,,,,,,,,,,,,,,,,,,,,,,,,,,,,,,,,,,,,,,,,,,,,,,,,,,,,,,,,,,,,,,,,,,,,,,,,,,,,,,,,,,,,,,関連表1_I(メータ)_XM6.xlsx,,,,,,YES,,,,,,,,,"handle: lhd, size of combi meter screen: 14.3 display",,,,,,,,,,,,,,,,,,,,,,,1,*,*,,,,,
,MSTR-013-0138600_d0001,,,,,,,,,,,,,,,,,,,,,,,,,,,,,,,,,,,,,,,,,,,,,,,,,,,,,,,,,,,,,,,,,,,,,,,,,,,,,,,,,,,,,,,,,,関連表1_I(メータ)_XM6.xlsx,,,,,,YES,,,,,,,,,"handle: lhd, size of combi meter screen: 14.3 display",,,,,,,,,,,,,,,,,,,,,,,,,,1,*,*,,
,MSTR-013-0138700,,,,,,,,,,,,,,,,,,,,,,,,,,,,,,,,,,,,,,,,,,,,,,,,,,,,,,,,,,,,,,,,,,,,,,,,,,,,,,,,,,,,,,,,,,関連表1_I(メータ)_XM6.xlsx,,,,,,YES,,,,,,,,,"handle: lhd, size of combi meter screen: 14.3 display",,,,,,,,,,,,,,,,,,,,,,,1,*,*,,,,,
,MSTR-013-0138700_d0001,,,,,,,,,,,,,,,,,,,,,,,,,,,,,,,,,,,,,,,,,,,,,,,,,,,,,,,,,,,,,,,,,,,,,,,,,,,,,,,,,,,,,,,,,,関連表1_I(メータ)_XM6.xlsx,,,,,,YES,,,,,,,,,"handle: lhd, size of combi meter screen: 14.3 display",,,,,,,,,,,,,,,,,,,,,,,,,,1,*,*,,
,MSTR-013-0138800,,,,,,,,,,,,,,,,,,,,,,,,,,,,,,,,,,,,,,,,,,,,,,,,,,,,,,,,,,,,,,,,,,,,,,,,,,,,,,,,,,,,,,,,,,関連表1_I(メータ)_XM6.xlsx,,,,,,YES,,,,,,,,,"engine: 7dq, size of combi meter screen: 14.3 display",,,,,,,,,,,,,,,,,,,,,,,1,*,*,,,,,
,MSTR-013-0138800_d0001,,,,,,,,,,,,,,,,,,,,,,,,,,,,,,,,,,,,,,,,,,,,,,,,,,,,,,,,,,,,,,,,,,,,,,,,,関連表1_I(メータ)_XM6.xlsx,,,,,,YES,,,,,,,,,,"engine: 7dq, size of combi meter screen: 14.3 display",,,,,,,,,,,,,,,,,,,,,,,,,,,,,,,,,,,,,,,,,1,,,,,
,MSTR-013-0138800_d0002,,,,,,,,,,,,,,,,,,,,,,,,,,,,,,,,,,,,,,,,,,,,,,,,,,,,,関連表1_I(メータ)_XM6.xlsx,,,,,,,,,,,,,YES,,,,,,"engine: 7dq, size of combi meter screen: 14.3 display",,,,,,,,,,,,,,,,,,,,,,,,,,,,,,,,,,,,,,,,,,,,,,,,,,,,,,,,*,,1,,,,,
,MSTR-013-0138800_d0003,,,,,,,,,,,,,,,,,,,,,,,,,,,,,,,,,,,,,,,,,,,,,,,,,,,,,,,,,,,,,,,,,,,,,,,,,,,,,,,,,,,,,,,,,,関連表1_I(メータ)_XM6.xlsx,,,,,,YES,,,,,,,,,"engine: 7dq, size of combi meter screen: 14.3 display",,,,,,,,,,,,,,,,,,,,,,,,,,1,*,*,,
,MSTR-013-0139200,,,,,,,,,,,,,,,,,,,,,,,,,,,,,,,,,,,,,,,,,,,,,,,,,,,,,関連表1_I(メータ)_XM6.xlsx,,,,,,,,,,,,,YES,,,,,,,関連表1_I(メータ)_XM6.xlsx,,,,,,YES,,,,,,,,,,,,,,,,,,,,,,,,,,,,,,,,,,,,,,,,,,,,,,,,,,,,,,,要望仕様が存在しない,"SIZE OF COMBI METER SCREEN: ALL, ENGINE: ALL, TRANS: CVT, MT, AXLE: 2WD, 4WD, TRANS: CVT, MT, AXLE: 2WD, 4WD"
,MSTR-013-0139200_d0001,,,,,,,,,,,,,,,,,,,,,,,,,,,,,,,,,,,,,,,,,,,,,,,,,,,,,,,,,,,,,,,,,,,,,,,,,,,,,,,,,,,,,,,,,,関連表1_I(メータ)_XM6.xlsx,,,,,,YES,,,,,,,,,,,,,,,,,,,,,,,,,,,,,,,,,,,,,,要望仕様が存在しない,"SIZE OF COMBI METER SCREEN: ALL, ENGINE: ALL, TRANS: CVT, MT, AXLE: FWD, AWD, TRANS: CVT, MT, AXLE: 2WD, 4WD"
,MSTR-013-0139300,,,,,,,,,,,,,,,,,,,,,,,,,,,,,,,,,,,,,,,,,,,,,,,,,,,,,関連表1_I(メータ)_XM6.xlsx,,,,,,,,,,,,,YES,,,,,,,関連表1_I(メータ)_XM6.xlsx,,,,,,YES,,,,,,,,,,,関連表1_I(メータ)_XM6.xlsx,,,,,,YES,,,,,,,,,,,,,,,,,,,,,,,,,,,,,,,,,,,,,,要望仕様が存在しない,"SIZE OF COMBI METER SCREEN: ALL, TRANS: CVT, MT, TRANS: CVT, MT"
,MSTR-013-0139400,,,,,,,,,,,,,,,,,,,,,,,,,,,,,,,,,,,,,,,,,,,,,,,,,,,,,関連表1_I(メータ)_XM6.xlsx,,,,,,,,,,,,,YES,,,,,,,関連表1_I(メータ)_XM6.xlsx,,,,,,YES,,,,,,,,,,,関連表1_I(メータ)_XM6.xlsx,,,,,,YES,,,,,,,,,,,,,,,,,,,,,,,,,,,,,,,,,,,,,,要望仕様が存在しない,"SIZE OF COMBI METER SCREEN: ALL, ENGINE: ALL, TRANS: CVT, MT, IVI(NAVI/DA): DA, LESS, AUTONOMOUS DRIVING: ALL, HUD: W/O, TRANS: CVT, MT"
,MSTR-013-0139500,,,,,,,,,,,,,,,,,,,,,,,,,,,,,,,,,,,,,,,,,,,,,,,,,,,,,,,,,,,,,,,,,,,,,,,,,,,,,,,,,,,,,,,,,,関連表1_I(メータ)_XM6.xlsx,,,,,,YES,,,,,,,,,,,,,,,,,,,,,,,,,,,,,,,,,,,,,,要望仕様が存在しない,"SIZE OF COMBI METER SCREEN: ALL, ENGINE: ALL, TRANS: CVT, MT, AXLE: FWD, AWD, IVI(NAVI/DA): DA, LESS, AUTONOMOUS DRIVING: ALL, HUD: W/O, TRANS: CVT, MT, AXLE: 2WD, 4WD"
,MSTR-013-0139500_d0001,,,,,,,,,,,,,,,,,,,,,,,,,,,,,,,,,,,,,,,,,,,,,,,,,,,,,関連表1_I(メータ)_XM6.xlsx,,,,,,,,,,,,,YES,,,,,,,関連表1_I(メータ)_XM6.xlsx,,,,,,YES,,,,,,,,,,,,,,,,,,,,,,,,,,,,,,,,,,,,,,,,,,,,,,,,,,,,,,,要望仕様が存在しない,"SIZE OF COMBI METER SCREEN: ALL, ENGINE: ALL, TRANS: CVT, MT, AXLE: 2WD, 4WD, IVI(NAVI/DA): DA, LESS, AUTONOMOUS DRIVING: ALL, HUD: W/O, TRANS: CVT, MT, AXLE: 2WD, 4WD"
,MSTR-013-0139600,,,,,,,,,,,,,,,,,,,,,,,,,,,,,,,,,,,,,,,,,,,,,,,,,,,,,関連表1_I(メータ)_XM6.xlsx,,,,,,,,,,,,,YES,,,,,,size of combi meter screen: 14.3 display,,,,,,,,,,,,,,,,,,,,,,,,,,,,,,,,,,,,,,,,,,,,,,,,,,,,,,,,*,,1,,,,,
,MSTR-013-0139600_d0001,,,,,,,,,,,,,,,,,,,,,,,,,,,,,,,,,,,,,,,,,,,,,,,,,,,,,,,,,,,,,,,,,,,,,,,,,関連表1_I(メータ)_XM6.xlsx,,,,,,YES,,,,,,,,,,size of combi meter screen: 14.3 display,,,,,,,,,,,,,,,,,,,,,,,,,,,,,,,,,,,,,,,,,1,,,,,
,MSTR-013-0139600_d0002,,,,,,,,,,,,,,,,,,,,,,,,,,,,,,,,,,,,,,,,,,,,,,,,,,,,,,,,,,,,,,,,,,,,,,,,,,,,,,,,,,,,,,,,,,関連表1_I(メータ)_XM6.xlsx,,,,,,YES,,,,,,,,,size of combi meter screen: 14.3 display,,,,,,,,,,,,,,,,,,,,,,,1,*,*,,,,,
,MSTR-013-0139600_d0003,,,,,,,,,,,,,,,,,,,,,,,,,,,,,,,,,,,,,,,,,,,,,,,,,,,,,,,,,,,,,,,,,,,,,,,,,,,,,,,,,,,,,,,,,,関連表1_I(メータ)_XM6.xlsx,,,,,,YES,,,,,,,,,size of combi meter screen: 14.3 display,,,,,,,,,,,,,,,,,,,,,,,,,,1,*,*,,
,MSTR-013-0139700,,,,,,,,,,,,,,,,,,,,,,,,,,,,,,,,,,,,,,,,,,,,,,,,,,,,,,,,,,,,,,,,,,,,,,,,,,,,,,,,,,,,,,,,,,関連表1_I(メータ)_XM6.xlsx,,,,,,YES,,,,,,,,,size of combi meter screen: 14.3 display,,,,,,,,,,,,,,,,,,,,,,,1,*,*,,,,,
,MSTR-013-0139700_d0001,,,,,,,,,,,,,,,,,,,,,,,,,,,,,,,,,,,,,,,,,,,,,,,,,,,,,関連表1_I(メータ)_XM6.xlsx,,,,,,,,,,,,,YES,,,,,,size of combi meter screen: 14.3 display,,,,,,,,,,,,,,,,,,,,,,,,,,,,,,,,,,,,,,,,,,,,,,,,,,,,,,,,*,,1,,,,,
,MSTR-013-0139700_d0002,,,,,,,,,,,,,,,,,,,,,,,,,,,,,,,,,,,,,,,,,,,,,,,,,,,,,,,,,,,,,,,,,,,,,,,,,関連表1_I(メータ)_XM6.xlsx,,,,,,YES,,,,,,,,,,size of combi meter screen: 14.3 display,,,,,,,,,,,,,,,,,,,,,,,,,,,,,,,,,,,,,,,,,1,,,,,
,MSTR-013-0139700_d0003,,,,,,,,,,,,,,,,,,,,,,,,,,,,,,,,,,,,,,,,,,,,,,,,,,,,,,,,,,,,,,,,,,,,,,,,,,,,,,,,,,,,,,,,,,関連表1_I(メータ)_XM6.xlsx,,,,,,YES,,,,,,,,,size of combi meter screen: 14.3 display,,,,,,,,,,,,,,,,,,,,,,,,,,1,*,*,,
,MSTR-013-0139800,,,,,,,,,,,,,,,,,,,,,,,,,,,,,,,,,,,,,,,,,,,,,,,,,,,,,,,,,,,,,,,,,,,,,,,,,,,,,,,,,,,,,,,,,,関連表1_I(メータ)_XM6.xlsx,,,,,,YES,,,,,,,,,size of combi meter screen: 14.3 display,,,,,,,,,,,,,,,,,,,,,,,1,*,*,,,,,
,MSTR-013-0139800_d0001,,,,,,,,,,,,,,,,,,,,,,,,,,,,,,,,,,,,,,,,,,,,,,,,,,,,,関連表1_I(メータ)_XM6.xlsx,,,,,,,,,,,,,YES,,,,,,size of combi meter screen: 14.3 display,,,,,,,,,,,,,,,,,,,,,,,,,,,,,,,,,,,,,,,,,,,,,,,,,,,,,,,,*,,1,,,,,
,MSTR-013-0139800_d0002,,,,,,,,,,,,,,,,,,,,,,,,,,,,,,,,,,,,,,,,,,,,,,,,,,,,,,,,,,,,,,,,,,,,,,,,,関連表1_I(メータ)_XM6.xlsx,,,,,,YES,,,,,,,,,,size of combi meter screen: 14.3 display,,,,,,,,,,,,,,,,,,,,,,,,,,,,,,,,,,,,,,,,,1,,,,,
,MSTR-013-0139800_d0003,,,,,,,,,,,,,,,,,,,,,,,,,,,,,,,,,,,,,,,,,,,,,,,,,,,,,,,,,,,,,,,,,,,,,,,,,,,,,,,,,,,,,,,,,,関連表1_I(メータ)_XM6.xlsx,,,,,,YES,,,,,,,,,size of combi meter screen: 14.3 display,,,,,,,,,,,,,,,,,,,,,,,,,,1,*,*,,
,MSTR-013-0139900,,,,,,,,,,,,,,,,,,,,,,,,,,,,,,,,,,,,,,,,,,,,,,,,,,,,,,,,,,,,,,,,,,,,,,,,,,,,,,,,,,,,,,,,,,関連表1_I(メータ)_XM6.xlsx,,,,,,YES,,,,,,,,,size of combi meter screen: 14.3 display,,,,,,,,,,,,,,,,,,,,,,,1,*,*,,,,,
,MSTR-013-0139900_d0001,,,,,,,,,,,,,,,,,,,,,,,,,,,,,,,,,,,,,,,,,,,,,,,,,,,,,,,,,,,,,,,,,,,,,,,,,,,,,,,,,,,,,,,,,,関連表1_I(メータ)_XM6.xlsx,,,,,,YES,,,,,,,,,size of combi meter screen: 14.3 display,,,,,,,,,,,,,,,,,,,,,,,,,,1,*,*,,
,MSTR-013-0140000,,,,,,,,,,,,,,,,,,,,,,,,,,,,,,,,,,,,,,,,,,,,,,,,,,,,,,,,,,,,,,,,,,,,,,,,,,,,,,,,,,,,,,,,,,関連表1_I(メータ)_XM6.xlsx,,,,,,YES,,,,,,,,,size of combi meter screen: 14.3 display,,,,,,,,,,,,,,,,,,,,,,,1,*,*,,,,,
,MSTR-013-0140000_d0001,,,,,,,,,,,,,,,,,,,,,,,,,,,,,,,,,,,,,,,,,,,,,,,,,,,,,,,,,,,,,,,,,,,,,,,,,,,,,,,,,,,,,,,,,,関連表1_I(メータ)_XM6.xlsx,,,,,,YES,,,,,,,,,size of combi meter screen: 14.3 display,,,,,,,,,,,,,,,,,,,,,,,,,,1,*,*,,
,MSTR-013-0140100,,,,,,,,,,,,,,,,,,,,,,,,,,,,,,,,,,,,,,,,,,,,,,,,,,,,,,,,,,,,,,,,,,,,,,,,,,,,,,,,,,,,,,,,,,関連表1_I(メータ)_XM6.xlsx,,,,,,YES,,,,,,,,,"engine: 7dq, size of combi meter screen: 14.3 display",,,,,,,,,,,,,,,,,,,,,,,1,*,*,,,,,
,MSTR-013-0140100_d0001,,,,,,,,,,,,,,,,,,,,,,,,,,,,,,,,,,,,,,,,,,,,,,,,,,,,,,,,,,,,,,,,,,,,,,,,,,,,,,,,,,,,,,,,,,関連表1_I(メータ)_XM6.xlsx,,,,,,YES,,,,,,,,,"engine: 7dq, size of combi meter screen: 14.3 display",,,,,,,,,,,,,,,,,,,,,,,,,,1,*,*,,
,MSTR-013-0140200,,,,,,,,,,,,,,,,,,,,,,,,,,,,,,,,,,,,,,,,,,,,,,,,,,,,,,,,,,,,,,,,,,,,,,,,,,,,,,,,,,,,,,,,,,関連表1_I(メータ)_XM6.xlsx,,,,,,YES,,,,,,,,,"engine: 7dq, size of combi meter screen: 14.3 display",,,,,,,,,,,,,,,,,,,,,,,1,*,*,,,,,
,MSTR-013-0140200_d0001,,,,,,,,,,,,,,,,,,,,,,,,,,,,,,,,,,,,,,,,,,,,,,,,,,,,,,,,,,,,,,,,,,,,,,,,,,,,,,,,,,,,,,,,,,関連表1_I(メータ)_XM6.xlsx,,,,,,YES,,,,,,,,,"engine: 7dq, size of combi meter screen: 14.3 display",,,,,,,,,,,,,,,,,,,,,,,,,,1,*,*,,
,MSTR-013-0140300,,,,,,,,,,,,,,,,,,,,,,,,,,,,,,,,,,,,,,,,,,,,,,,,,,,,,,,,,,,,,,,,,,,,,,,,,,,,,,,,,,,,,,,,,,関連表1_I(メータ)_XM6.xlsx,,,,,,YES,,,,,,,,,size of combi meter screen: 14.3 display,,,,,,,,,,,,,,,,,,,,,,,1,*,*,,,,,
,MSTR-013-0140300_d0001,,,,,,,,,,,,,,,,,,,,,,,,,,,,,,,,,,,,,,,,,,,,,,,,,,,,,,,,,,,,,,,,,,,,,,,,,,,,,,,,,,,,,,,,,,関連表1_I(メータ)_XM6.xlsx,,,,,,YES,,,,,,,,,size of combi meter screen: 14.3 display,,,,,,,,,,,,,,,,,,,,,,,,,,1,*,*,,
,MSTR-013-0140400,,,,,,,,,,,,,,,,,,,,,,,,,,,,,,,,,,,,,,,,,,,,,,,,,,,,,,,,,,,,,,,,,,,,,,,,,,,,,,,,,,,,,,,,,,関連表1_I(メータ)_XM6.xlsx,,,,,,YES,,,,,,,,,size of combi meter screen: 14.3 display,,,,,,,,,,,,,,,,,,,,,,,1,*,*,,,,,
,MSTR-013-0140400_d0001,,,,,,,,,,,,,,,,,,,,,,,,,,,,,,,,,,,,,,,,,,,,,,,,,,,,,,,,,,,,,,,,,,,,,,,,,,,,,,,,,,,,,,,,,,関連表1_I(メータ)_XM6.xlsx,,,,,,YES,,,,,,,,,size of combi meter screen: 14.3 display,,,,,,,,,,,,,,,,,,,,,,,,,,1,*,*,,
,MSTR-013-0140500,,,,,,,,,,,,,,,,,,,,,,,,,,,,,,,,,,,,,,,,,,,,,,,,,,,,,,,,,,,,,,,,,,,,,,,,,,,,,,,,,,,,,,,,,,関連表1_I(メータ)_XM6.xlsx,,,,,,YES,,,,,,,,,size of combi meter screen: 14.3 display,,,,,,,,,,,,,,,,,,,,,,,1,*,*,,,,,
,MSTR-013-0140500_d0001,,,,,,,,,,,,,,,,,,,,,,,,,,,,,,,,,,,,,,,,,,,,,,,,,,,,,,,,,,,,,,,,,,,,,,,,,,,,,,,,,,,,,,,,,,関連表1_I(メータ)_XM6.xlsx,,,,,,YES,,,,,,,,,size of combi meter screen: 14.3 display,,,,,,,,,,,,,,,,,,,,,,,,,,1,*,*,,
,MSTR-013-0140600,,,,,,,,,,,,,,,,,,,,,,,,,,,,,,,,,,,,,,,,,,,,,,,,,,,,,,,,,,,,,,,,,,,,,,,,,,,,,,,,,,,,,,,,,,関連表1_I(メータ)_XM6.xlsx,,,,,,YES,,,,,,,,,size of combi meter screen: 14.3 display,,,,,,,,,,,,,,,,,,,,,,,1,*,*,,,,,
,MSTR-013-0140600_d0001,,,,,,,,,,,,,,,,,,,,,,,,,,,,,,,,,,,,,,,,,,,,,,,,,,,,,,,,,,,,,,,,,,,,,,,,,,,,,,,,,,,,,,,,,,関連表1_I(メータ)_XM6.xlsx,,,,,,YES,,,,,,,,,size of combi meter screen: 14.3 display,,,,,,,,,,,,,,,,,,,,,,,,,,1,*,*,,
,MSTR-013-0140700,,,,,,,,,,,,,,,,,,,,,,,,,,,,,,,,,,,,,,,,,,,,,,,,,,,,,関連表1_I(メータ)_XM6.xlsx,,,,,,,,,,,,,YES,,,,,,"accs3:autonomous driving: ad2, hud: w, ivi(navi/da): navi, size of combi meter screen: 14.3 display, グレード選択: 最上級",関連表1_I(メータ)_XM6.xlsx,,,,,,YES,,,,,,,,,,"accs3:autonomous driving: ad2, hud: w, ivi(navi/da): navi, size of combi meter screen: 14.3 display, グレード選択: 最上級",関連表1_I(メータ)_XM6.xlsx,,,,,,YES,,,,,,,,,"accs3:autonomous driving: ad2, hud: w, ivi(navi/da): navi, size of combi meter screen: 14.3 display, グレード選択: 最上級",,,,,,,,,,,,,,,,,,,,,,,,,1,,,,,
,MSTR-013-0140700_d0001,,,,,,,,,,,,,,,,,,,,,,,,,,,,,,,,,,,,,,,,,,,,,,,,,,,,,,,,,,,,,,,,,,,,,,,,,,,,,,,,,,,,,,,,,,関連表1_I(メータ)_XM6.xlsx,,,,,,YES,,,,,,,,,"autonomous driving: ad1, hud: w, ivi(navi/da): navi, size of combi meter screen: 14.3 display, グレード選択: 最上級",,,,,,,,,,,,,,,,,,,,,,,,,,,,1,,
,MSTR-013-0140800,,,,,,,,,,,,,,,,,,,,,,,,,,,,,,,,,,,,,,,,,,,,,,,,,,,,,,,,,,,,,,,,,,,,,,,,,,,,,,,,,,,,,,,,,,関連表1_I(メータ)_XM6.xlsx,,,,,,YES,,,,,,,,,size of combi meter screen: 14.3 display,,,,,,,,,,,,,,,,,,,,,,,1,*,*,,,,,
,MSTR-013-0140800_d0001,,,,,,,,,,,,,,,,,,,,,,,,,,,,,,,,,,,,,,,,,,,,,,,,,,,,,,,,,,,,,,,,,,,,,,,,,,,,,,,,,,,,,,,,,,関連表1_I(メータ)_XM6.xlsx,,,,,,YES,,,,,,,,,size of combi meter screen: 14.3 display,,,,,,,,,,,,,,,,,,,,,,,,,,1,*,*,,
,MSTR-013-0140900,,,,,,,,,,,,,,,,,,,,,,,,,,,,,,,,,,,,,,,,,,,,,,,,,,,,,関連表1_I(メータ)_XM6.xlsx,,,,,,,,,,,,,YES,,,,,,,関連表1_I(メータ)_XM6.xlsx,,,,,,YES,,,,,,,,,,,関連表1_I(メータ)_XM6.xlsx,,,,,,YES,,,,,,,,,,,,,,,,,,,,,,,,,,,,,,,,,,,,,,要望仕様が存在しない,"SIZE OF COMBI METER SCREEN: ALL, ENGINE: ALL, TRANS: CVT, MT, IVI(NAVI/DA): DA, LESS, AUTONOMOUS DRIVING: ALL, TRANS: CVT, MT"
,MSTR-013-0141000,,,,,,,,,,,,,,,,,,,,,,,,,,,,,,,,,,,,,,,,,,,,,,,,,,,,,,,,,,,,,,,,,,,,,,,,,,,,,,,,,,,,,,,,,,関連表1_I(メータ)_XM6.xlsx,,,,,,YES,,,,,,,,,size of combi meter screen: 14.3 display,,,,,,,,,,,,,,,,,,,,,,,1,*,*,,,,,
,MSTR-013-0141000_d0001,,,,,,,,,,,,,,,,,,,,,,,,,,,,,,,,,,,,,,,,,,,,,,,,,,,,,,,,,,,,,,,,,,,,,,,,,,,,,,,,,,,,,,,,,,関連表1_I(メータ)_XM6.xlsx,,,,,,YES,,,,,,,,,size of combi meter screen: 14.3 display,,,,,,,,,,,,,,,,,,,,,,,,,,1,*,*,,
,MSTR-013-0141100,,,,,,,,,,,,,,,,,,,,,,,,,,,,,,,,,,,,,,,,,,,,,,,,,,,,,,,,,,,,,,,,,,,,,,,,,,,,,,,,,,,,,,,,,,関連表1_I(メータ)_XM6.xlsx,,,,,,YES,,,,,,,,,"size of combi meter screen: 14.3 display, autonomous driving: ad1",,,,,,,,,,,,,,,,,,,,,,,1,*,,,,,,
,MSTR-013-0141100_d0001,,,,,,,,,,,,,,,,,,,,,,,,,,,,,,,,,,,,,,,,,,,,,,,,,,,,,,,,,,,,,,,,,,,,,,,,,,,,,,,,,,,,,,,,,,関連表1_I(メータ)_XM6.xlsx,,,,,,YES,,,,,,,,,"accs3:autonomous driving: ad2, size of combi meter screen: 14.3 display",,,,,,,,,,,,,,,,,,,,,,,,,1,,,,,
,MSTR-013-0141100_d0002,,,,,,,,,,,,,,,,,,,,,,,,,,,,,,,,,,,,,,,,,,,,,,,,,,,,,,,,,,,,,,,,,,,,,,,,,,,,,,,,,,,,,,,,,,関連表1_I(メータ)_XM6.xlsx,,,,,,YES,,,,,,,,,"size of combi meter screen: 14.3 display, autonomous driving: ad1",,,,,,,,,,,,,,,,,,,,,,,,,,1,*,*,,
,MSTR-013-0141300,,,,,,,,,,,,,,,,,,,,,,,,,,,,,,,,,,,,,,,,,,,,,,,,,,,,,,,,,,,,,,,,,,,,,,,,,,,,,,,,,,,,,,,,,,関連表1_I(メータ)_XM6.xlsx,,,,,,YES,,,,,,,,,"ivi(navi/da): navi, size of combi meter screen: 14.3 display, グレード選択: 最上級",,,,,,,,,,,,,,,,,,,,,,,,,1,,,,,
,MSTR-013-0141300_d0001,,,,,,,,,,,,,,,,,,,,,,,,,,,,,,,,,,,,,,,,,,,,,,,,,,,,,,,,,,,,,,,,,,,,,,,,,,,,,,,,,,,,,,,,,,関連表1_I(メータ)_XM6.xlsx,,,,,,YES,,,,,,,,,"ivi(navi/da): navi, size of combi meter screen: 14.3 display, グレード選択: 最上級",,,,,,,,,,,,,,,,,,,,,,,,,,,,1,,
,MSTR-013-0141400,,,,,,,,,,,,,,,,,,,,,,,,,,,,,,,,,,,,,,,,,,,,,,,,,,,,,,,,,,,,,,,,,,,,,,,,,,,,,,,,,,,,,,,,,,関連表1_I(メータ)_XM6.xlsx,,,,,,YES,,,,,,,,,"engine: 7dq, ivi(navi/da): navi, size of combi meter screen: 14.3 display, グレード選択: 最上級",,,,,,,,,,,,,,,,,,,,,,,,,1,,,,,
,MSTR-013-0141400_d0001,,,,,,,,,,,,,,,,,,,,,,,,,,,,,,,,,,,,,,,,,,,,,,,,,,,,,,,,,,,,,,,,,,,,,,,,,,,,,,,,,,,,,,,,,,関連表1_I(メータ)_XM6.xlsx,,,,,,YES,,,,,,,,,"engine: 7dq, ivi(navi/da): navi, size of combi meter screen: 14.3 display, グレード選択: 最上級",,,,,,,,,,,,,,,,,,,,,,,,,,,,1,,
,MSTR-013-0141900,,,,,,,,,,,,,,,,,,,,,,,,,,,,,,,,,,,,,,,,,,,,,,,,,,,,,,,,,,,,,,,,,,,,,,,,,,,,,,,,,,,,,,,,,,関連表1_I(メータ)_XM6.xlsx,,,,,,YES,,,,,,,,,"engine: 7dq, size of combi meter screen: 14.3 display",,,,,,,,,,,,,,,,,,,,,,,1,*,*,,,,,
,MSTR-013-0141900_d0001,,,,,,,,,,,,,,,,,,,,,,,,,,,,,,,,,,,,,,,,,,,,,,,,,,,,,,,,,,,,,,,,,,,,,,,,,,,,,,,,,,,,,,,,,,関連表1_I(メータ)_XM6.xlsx,,,,,,YES,,,,,,,,,"engine: 7dq, size of combi meter screen: 14.3 display",,,,,,,,,,,,,,,,,,,,,,,,,,1,*,*,,
,MSTR-013-0142000,,,,,,,,,,,,,,,,,,,,,,,,,,,,,,,,,,,,,,,,,,,,,,,,,,,,,,,,,,,,,,,,,,,,,,,,,,,,,,,,,,,,,,,,,,関連表1_I(メータ)_XM6.xlsx,,,,,,YES,,,,,,,,,"engine: 7dq, size of combi meter screen: 14.3 display",,,,,,,,,,,,,,,,,,,,,,,1,*,*,,,,,
,MSTR-013-0142000_d0001,,,,,,,,,,,,,,,,,,,,,,,,,,,,,,,,,,,,,,,,,,,,,,,,,,,,,,,,,,,,,,,,,,,,,,,,,,,,,,,,,,,,,,,,,,関連表1_I(メータ)_XM6.xlsx,,,,,,YES,,,,,,,,,"engine: 7dq, size of combi meter screen: 14.3 display",,,,,,,,,,,,,,,,,,,,,,,,,,1,*,*,,
,MSTR-013-0142100,,,,,,,,,,,,,,,,,,,,,,,,,,,,,,,,,,,,,,,,,,,,,,,,,,,,,,,,,,,,,,,,,,,,,,,,,,,,,,,,,,,,,,,,,,関連表1_I(メータ)_XM6.xlsx,,,,,,YES,,,,,,,,,"engine: 7dq, size of combi meter screen: 14.3 display",,,,,,,,,,,,,,,,,,,,,,,1,*,*,,,,,
,MSTR-013-0142100_d0001,,,,,,,,,,,,,,,,,,,,,,,,,,,,,,,,,,,,,,,,,,,,,,,,,,,,,,,,,,,,,,,,,,,,,,,,,,,,,,,,,,,,,,,,,,関連表1_I(メータ)_XM6.xlsx,,,,,,YES,,,,,,,,,"engine: 7dq, size of combi meter screen: 14.3 display",,,,,,,,,,,,,,,,,,,,,,,,,,1,*,*,,
,MSTR-013-0142200,,,,,,,,,,,,,,,,,,,,,,,,,,,,,,,,,,,,,,,,,,,,,,,,,,,,,,,,,,,,,,,,,,,,,,,,,,,,,,,,,,,,,,,,,,関連表1_I(メータ)_XM6.xlsx,,,,,,YES,,,,,,,,,"engine: 7dq, size of combi meter screen: 14.3 display",,,,,,,,,,,,,,,,,,,,,,,1,*,*,,,,,
,MSTR-013-0142200_d0001,,,,,,,,,,,,,,,,,,,,,,,,,,,,,,,,,,,,,,,,,,,,,,,,,,,,,,,,,,,,,,,,,,,,,,,,,,,,,,,,,,,,,,,,,,関連表1_I(メータ)_XM6.xlsx,,,,,,YES,,,,,,,,,"engine: 7dq, size of combi meter screen: 14.3 display",,,,,,,,,,,,,,,,,,,,,,,,,,1,*,*,,
,MSTR-013-0142300,,,,,,,,,,,,,,,,,,,,,,,,,,,,,,,,,,,,,,,,,,,,,,,,,,,,,,,,,,,,,,,,,,,,,,,,,,,,,,,,,,,,,,,,,,関連表1_I(メータ)_XM6.xlsx,,,,,,YES,,,,,,,,,size of combi meter screen: 14.3 display,,,,,,,,,,,,,,,,,,,,,,,1,*,*,,,,,
,MSTR-013-0142300_d0001,,,,,,,,,,,,,,,,,,,,,,,,,,,,,,,,,,,,,,,,,,,,,,,,,,,,,,,,,,,,,,,,,,,,,,,,,,,,,,,,,,,,,,,,,,関連表1_I(メータ)_XM6.xlsx,,,,,,YES,,,,,,,,,size of combi meter screen: 14.3 display,,,,,,,,,,,,,,,,,,,,,,,,,,1,*,*,,
,MSTR-013-0142400,,,,,,,,,,,,,,,,,,,,,,,,,,,,,,,,,,,,,,,,,,,,,,,,,,,,,,,,,,,,,,,,,,,,,,,,,,,,,,,,,,,,,,,,,,関連表1_I(メータ)_XM6.xlsx,,,,,,YES,,,,,,,,,size of combi meter screen: 14.3 display,,,,,,,,,,,,,,,,,,,,,,,1,*,*,,,,,
,MSTR-013-0142400_d0001,,,,,,,,,,,,,,,,,,,,,,,,,,,,,,,,,,,,,,,,,,,,,,,,,,,,,,,,,,,,,,,,,,,,,,,,,,,,,,,,,,,,,,,,,,関連表1_I(メータ)_XM6.xlsx,,,,,,YES,,,,,,,,,size of combi meter screen: 14.3 display,,,,,,,,,,,,,,,,,,,,,,,,,,1,*,*,,
,MSTR-013-0143600,,,,,,,,,,,,,,,,,,,,,,,,,,,,,,,,,,,,,,,,,,,,,,,,,,,,,,,,,,,,,,,,,,,,,,,,,,,,,,,,,,,,,,,,,,関連表1_I(メータ)_XM6.xlsx,,,,,,YES,,,,,,,,,size of combi meter screen: 14.3 display,,,,,,,,,,,,,,,,,,,,,,,1,*,*,,,,,
,MSTR-013-0143600_d0001,,,,,,,,,,,,,,,,,,,,,,,,,,,,,,,,,,,,,,,,,,,,,,,,,,,,,,,,,,,,,,,,,,,,,,,,,,,,,,,,,,,,,,,,,,関連表1_I(メータ)_XM6.xlsx,,,,,,YES,,,,,,,,,size of combi meter screen: 14.3 display,,,,,,,,,,,,,,,,,,,,,,,,,,1,*,*,,
,MSTR-013-0143700,,,,,,,,,,,,,,,,,,,,,,,,,,,,,,,,,,,,,,,,,,,,,,,,,,,,,,,,,,,,,,,,,,,,,,,,,,,,,,,,,,,,,,,,,,関連表1_I(メータ)_XM6.xlsx,,,,,,YES,,,,,,,,,"accs3:autonomous driving: ad2, ivi(navi/da): navi, size of combi meter screen: 14.3 display, グレード選択: 最上級",YES,,,,,,,,,"accs3:autonomous driving: ad2, ivi(navi/da): navi, size of combi meter screen: 14.3 display, グレード選択: 最上級",,,,,,,,,,,,,,,1,,,,,
,MSTR-013-0143700_d0001,,,,,,,,,,,,,,,,,,,,,,,,,,,,,,,,,,,,,,,,,,,,,,,,,,,,,,,,,,,,,,,,,,,,,,,,,,,,,,,,,,,,,,,,,,関連表1_I(メータ)_XM6.xlsx,,,,,,YES,,,,,,,,,"autonomous driving: ad1, ivi(navi/da): navi, size of combi meter screen: 14.3 display, グレード選択: 最上級",YES,,,,,,,,,"autonomous driving: ad1, ivi(navi/da): navi, size of combi meter screen: 14.3 display, グレード選択: 最上級",,,,,,,,,,,,,,,,,,1,,
,MSTR-013-0143800,,,,,,,,,,,,,,,,,,,,,,,,,,,,,,,,,,,,,,,,,,,,,,,,,,,,,,,,,,,,,,,,,,,,,,,,,,,,,,,,,,,,,,,,,,関連表1_I(メータ)_XM6.xlsx,,,,,,YES,,,,,,,,,"accs3:autonomous driving: ad2, ivi(navi/da): navi, size of combi meter screen: 14.3 display, グレード選択: 最上級",YES,,,,,,,,,"accs3:autonomous driving: ad2, ivi(navi/da): navi, size of combi meter screen: 14.3 display, グレード選択: 最上級",,,,,,,,,,,,,,,1,,,,,
,MSTR-013-0143800_d0001,,,,,,,,,,,,,,,,,,,,,,,,,,,,,,,,,,,,,,,,,,,,,,,,,,,,,,,,,,,,,,,,,,,,,,,,,,,,,,,,,,,,,,,,,,関連表1_I(メータ)_XM6.xlsx,,,,,,YES,,,,,,,,,"autonomous driving: ad1, ivi(navi/da): navi, size of combi meter screen: 14.3 display, グレード選択: 最上級",YES,,,,,,,,,"autonomous driving: ad1, ivi(navi/da): navi, size of combi meter screen: 14.3 display, グレード選択: 最上級",,,,,,,,,,,,,,,,,,1,,
,MSTR-013-0144000,,,,,,,,,,,,,,,,,,,,,,,,,,,,,,,,,,,,,,,,,,,,,,,,,,,,,,,,,,,,,,,,,,,,,,,,,,,,,,,,,,,,,,,,,,関連表1_I(メータ)_XM6.xlsx,,,,,,YES,,,,,,,,,,YES,,,,,,,,,,,,,,,,,,,,,,,,,,,,要望仕様が存在しない,"SIZE OF COMBI METER SCREEN: ALL, ENGINE: ALL, TRANS: CVT, MT, HANDLE: RHD, LHD, IVI(NAVI/DA): DA, LESS, AUTONOMOUS DRIVING: ALL, HUD: W/O, TRANS: CVT, MT"
,MSTR-013-0144200,,,,,,,,,,,,,,,,,,,,,,,,,,,,,,,,,,,,,,,,,,,,,,,,,,,,,,,,,,,,,,,,,,,,,,,,,,,,,,,,,,,,,,,,,,関連表1_I(メータ)_XM6.xlsx,,,,,,YES,,,,,,,,,,YES,,,,,,,,,,,,,,,,,,,,,,,,,,,,要望仕様が存在しない,"SIZE OF COMBI METER SCREEN: ALL, ENGINE: ALL, TRANS: CVT, MT, AXLE: FWD, AWD, HANDLE: RHD, LHD, IVI(NAVI/DA): DA, LESS, AUTONOMOUS DRIVING: ALL, HUD: W/O, TRANS: CVT, MT, AXLE: 2WD, 4WD"
,MSTR-013-0144400,,,,,,,,,,,,,,,,,,,,,,,,,,,,,,,,,,,,,,,,,,,,,,,,,,,,,,,,,,,,,,,,,,,,,,,,,,,,,,,,,,,,,,,,,,関連表1_I(メータ)_XM6.xlsx,,,,,,YES,,,,,,,,,"accs3:autonomous driving: ad2, ivi(navi/da): navi, size of combi meter screen: 14.3 display, グレード選択: 最上級",,,,,,,,,,,,,,,,,,,,,,,,,1,,,,,
,MSTR-013-0144400_d0001,,,,,,,,,,,,,,,,,,,,,,,,,,,,,,,,,,,,,,,,,,,,,,,,,,,,,,,,,,,,,,,,,,,,,,,,,,,,,,,,,,,,,,,,,,関連表1_I(メータ)_XM6.xlsx,,,,,,YES,,,,,,,,,"autonomous driving: ad1, ivi(navi/da): navi, size of combi meter screen: 14.3 display, グレード選択: 最上級",,,,,,,,,,,,,,,,,,,,,,,,,,,,1,,
,MSTR-013-0144600,,,,,,,,,,,,,,,,,,,,,,,,,,,,,,,,,,,,,,,,,,,,,,,,,,,,,,,,,,,,,,,,,,,,,,,,,,,,,,,,,,,,,,,,,,関連表1_I(メータ)_XM6.xlsx,,,,,,YES,,,,,,,,,"accs3:autonomous driving: ad2, hud: w, ivi(navi/da): navi, size of combi meter screen: 14.3 display, グレード選択: 最上級",,,,,,,,,,,,,,,,,,,,,,,,,1,,,,,
,MSTR-013-0144600_d0001,,,,,,,,,,,,,,,,,,,,,,,,,,,,,,,,,,,,,,,,,,,,,,,,,,,,,,,,,,,,,,,,,,,,,,,,,,,,,,,,,,,,,,,,,,関連表1_I(メータ)_XM6.xlsx,,,,,,YES,,,,,,,,,"autonomous driving: ad1, hud: w, ivi(navi/da): navi, size of combi meter screen: 14.3 display, グレード選択: 最上級",,,,,,,,,,,,,,,,,,,,,,,,,,,,1,,
,MSTR-013-0178000,,,,,,,,,,,,,,,,,,,,,,,,,,,,,,,,,,,,,,,,,,,,,,,,,,,,,,,,,,,,,,,,,,,,,,,,,,,,,,,,,,,,,,,,,,関連表1_I(GAオーディオアンテナ)_XM6.xlsx,,,,,,YES,,,,,,,,,"ad2: w, antenna: shark fin, audio  navigation / types of radios: s, front windscreen heater / heated front screen: w/o, accs3:srvm: w, グレード選択: 最上級",YES,,,,,,,,,"ad2: w, antenna: shark fin, audio  navigation / types of radios: s, front windscreen heater / heated front screen: w/o, accs3:srvm: w, グレード選択: 最上級",,,,,,,,,,,,,,,1,,,,,
,MSTR-013-0178000_d0001,,,,,,,,,,,,,,,,,,,,,,,,,,,,,,,,,,,,,,,,,,,,,,,,,,,,,,,,,,,,,,,,,,,,,,,,,,,,,,,,,,,,,,,,,,関連表1_I(GAオーディオアンテナ)_XM6.xlsx,,,,,,YES,,,,,,,,,"ad2: w, antenna: shark fin, audio  navigation / types of radios: s, front windscreen heater / heated front screen: w/o, srvm: w/o, グレード選択: 最上級",YES,,,,,,,,,"ad2: w, antenna: shark fin, audio  navigation / types of radios: s, front windscreen heater / heated front screen: w/o, srvm: w/o, グレード選択: 最上級",,,,,,,,,,,,,,,,,,1,,
,MSTR-013-0178100,,,,,,,,,,,,,,,,,,,,,,,,,,,,,,,,,,,,,,,,,,,,,,,,,,,,,,,,,,,,,,,,,,,,,,,,,,,,,,,,,,,,,,,,,,関連表1_I(GAオーディオアンテナ)_XM6.xlsx,,,,,,YES,,,,,,,,,"ad2: w, antenna: shark fin, audio  navigation / types of radios: s, front windscreen heater / heated front screen: w/o, accs3:srvm: w, グレード選択: 最上級",YES,,,,,,,,,"ad2: w, antenna: shark fin, audio  navigation / types of radios: s, front windscreen heater / heated front screen: w/o, accs3:srvm: w, グレード選択: 最上級",,,,,,,,,,,,,,,1,,,,,
,MSTR-013-0178100_d0001,,,,,,,,,,,,,,,,,,,,,,,,,,,,,,,,,,,,,,,,,,,,,,,,,,,,,,,,,,,,,,,,,,,,,,,,,,,,,,,,,,,,,,,,,,関連表1_I(GAオーディオアンテナ)_XM6.xlsx,,,,,,YES,,,,,,,,,"ad2: w, antenna: shark fin, audio  navigation / types of radios: s, front windscreen heater / heated front screen: w/o, srvm: w/o, グレード選択: 最上級",YES,,,,,,,,,"ad2: w, antenna: shark fin, audio  navigation / types of radios: s, front windscreen heater / heated front screen: w/o, srvm: w/o, グレード選択: 最上級",,,,,,,,,,,,,,,,,,1,,
,MSTR-013-0178200,,,,,,,,,,,,,,,,,,,,,,,,,,,,,,,,,,,,,,,,,,,,,,,,,,,,,,,,,,,,,,,,,,,,,,,,,,,,,,,,,,,,,,,,,,関連表1_I(GAオーディオアンテナ)_XM6.xlsx,,,,,,YES,,,,,,,,,"ad2: w, antenna: shark fin, audio  navigation / types of radios: s, front windscreen heater / heated front screen: w/o, accs3:srvm: w, グレード選択: 最上級",YES,,,,,,,,,"ad2: w, antenna: shark fin, audio  navigation / types of radios: s, front windscreen heater / heated front screen: w/o, accs3:srvm: w, グレード選択: 最上級",,,,,,,,,,,,,,,1,,,,,
,MSTR-013-0178200_d0001,,,,,,,,,,,,,,,,,,,,,,,,,,,,,,,,,,,,,,,,,,,,,,,,,,,,,,,,,,,,,,,,,,,,,,,,,,,,,,,,,,,,,,,,,,関連表1_I(GAオーディオアンテナ)_XM6.xlsx,,,,,,YES,,,,,,,,,"ad2: w, antenna: shark fin, audio  navigation / types of radios: s, front windscreen heater / heated front screen: w/o, srvm: w/o, グレード選択: 最上級",YES,,,,,,,,,"ad2: w, antenna: shark fin, audio  navigation / types of radios: s, front windscreen heater / heated front screen: w/o, srvm: w/o, グレード選択: 最上級",,,,,,,,,,,,,,,,,,1,,
,MSTR-013-0178500,,,,,,,,,,,,,,,,,,,,,,,,,,,,,,,,,,,,,,,,,,,,,,,,,,,,,,,,,,,,,,,,,,,,,,,,,,,,,,,,,,,,,,,,,,関連表1_I(GAオーディオアンテナ)_XM6.xlsx,,,,,,YES,,,,,,,,,"ad2: w, antenna: shark fin, audio  navigation / types of radios: s, front windscreen heater / heated front screen: w/o, グレード選択: 最上級",YES,,,,,,,,,"ad2: w, antenna: shark fin, audio  navigation / types of radios: s, front windscreen heater / heated front screen: w/o, グレード選択: 最上級",,,,,,,,,,,,,,,1,,,*,,
,MSTR-013-0179000,,,,,,,,,,,,,,,,,,,,,,,,,,,,,,,,,,,,,,,,,,,,,,,,,,,,,,,,,,,,,,,,,,,,,,,,,,,,,,,,,,,,,,,,,,関連表1_I(GAオーディオアンテナ)_XM6.xlsx,,,,,,YES,,,,,,,,,"ad2: w, antenna: shark fin, audio  navigation / types of radios: s, front windscreen heater / heated front screen: w/o, accs3:srvm: w, グレード選択: 最上級",YES,,,,,,,,,"ad2: w, antenna: shark fin, audio  navigation / types of radios: s, front windscreen heater / heated front screen: w/o, accs3:srvm: w, グレード選択: 最上級",,,,,,,,,,,,,,,1,,,,,
,MSTR-013-0179000_d0001,,,,,,,,,,,,,,,,,,,,,,,,,,,,,,,,,,,,,,,,,,,,,,,,,,,,,,,,,,,,,,,,,,,,,,,,,,,,,,,,,,,,,,,,,,関連表1_I(GAオーディオアンテナ)_XM6.xlsx,,,,,,YES,,,,,,,,,"ad2: w, antenna: shark fin, audio  navigation / types of radios: s, front windscreen heater / heated front screen: w/o, srvm: w/o, グレード選択: 最上級",YES,,,,,,,,,"ad2: w, antenna: shark fin, audio  navigation / types of radios: s, front windscreen heater / heated front screen: w/o, srvm: w/o, グレード選択: 最上級",,,,,,,,,,,,,,,,,,1,,
,MSTR-013-0179100,,,,,,,,,,,,,,,,,,,,,,,,,,,,,,,,,,,,,,,,,,,,,,,,,,,,,,,,,,,,,,,,,,,,,,,,,,,,,,,,,,,,,,,,,,関連表1_I(GAオーディオアンテナ)_XM6.xlsx,,,,,,YES,,,,,,,,,"ad2: w, antenna: shark fin, audio  navigation / types of radios: s, front windscreen heater / heated front screen: w/o, accs3:srvm: w, グレード選択: 最上級",YES,,,,,,,,,"ad2: w, antenna: shark fin, audio  navigation / types of radios: s, front windscreen heater / heated front screen: w/o, accs3:srvm: w, グレード選択: 最上級",,,,,,,,,,,,,,,1,,,,,
,MSTR-013-0179100_d0001,,,,,,,,,,,,,,,,,,,,,,,,,,,,,,,,,,,,,,,,,,,,,,,,,,,,,,,,,,,,,,,,,,,,,,,,,,,,,,,,,,,,,,,,,,関連表1_I(GAオーディオアンテナ)_XM6.xlsx,,,,,,YES,,,,,,,,,"ad2: w, antenna: shark fin, audio  navigation / types of radios: s, front windscreen heater / heated front screen: w/o, srvm: w/o, グレード選択: 最上級",YES,,,,,,,,,"ad2: w, antenna: shark fin, audio  navigation / types of radios: s, front windscreen heater / heated front screen: w/o, srvm: w/o, グレード選択: 最上級",,,,,,,,,,,,,,,,,,1,,
,MSTR-013-0179200,,,,,,,,,,,,,,,,,,,,,,,,,,,,,,,,,,,,,,,,,,,,,,,,,,,,,,,,,,,,,,,,,,,,,,,,,,,,,,,,,,,,,,,,,,関連表1_I(GAオーディオアンテナ)_XM6.xlsx,,,,,,YES,,,,,,,,,"ad2: w, antenna: shark fin, audio  navigation / types of radios: s, front windscreen heater / heated front screen: w/o, accs3:srvm: w, グレード選択: 最上級",YES,,,,,,,,,"ad2: w, antenna: shark fin, audio  navigation / types of radios: s, front windscreen heater / heated front screen: w/o, accs3:srvm: w, グレード選択: 最上級",,,,,,,,,,,,,,,1,,,,,
,MSTR-013-0179200_d0001,,,,,,,,,,,,,,,,,,,,,,,,,,,,,,,,,,,,,,,,,,,,,,,,,,,,,,,,,,,,,,,,,,,,,,,,,,,,,,,,,,,,,,,,,,関連表1_I(GAオーディオアンテナ)_XM6.xlsx,,,,,,YES,,,,,,,,,"ad2: w, antenna: shark fin, audio  navigation / types of radios: s, front windscreen heater / heated front screen: w/o, srvm: w/o, グレード選択: 最上級",YES,,,,,,,,,"ad2: w, antenna: shark fin, audio  navigation / types of radios: s, front windscreen heater / heated front screen: w/o, srvm: w/o, グレード選択: 最上級",,,,,,,,,,,,,,,,,,1,,
,MSTR-013-0197800,,,,,,,,,,,,,,,,,,,,,,,,,,,,,,,,,,,,,,,,,,,,,,,,,,,,,,,,,,,,,,,,,,,,,,,,,,,,,,,,,,,,,,,,,,関連表1_I(GAオーディオ音質)_XM6.xlsx,,,,,,YES,,,,,,,,,"anc / active noise cancellation / driving sound control: s, audio  navigation / types of radios: s, handle: lhd, seat: 5, seat lining: synthetic leather c, sound bubble: s, speaker: s2, グレード選択: 最上級",YES,,,,,,,,,"anc / active noise cancellation / driving sound control: s, audio  navigation / types of radios: s, handle: lhd, seat: 5, seat lining: synthetic leather c, sound bubble: s, speaker: s2, グレード選択: 最上級",,,,,,,,,,,,,,,1,,,*,,
,MSTR-013-0198000,,,,,,,,,,,,,,,,,,,,,,,,,,,,,,,,,,,,,,,,,,,,,,,,,,,,,,,,,,,,,,,,,,,,,,,,,,,,,,,,,,,,,,,,,,関連表1_I(GAオーディオ音質)_XM6.xlsx,,,,,,YES,,,,,,,,,"anc / active noise cancellation / driving sound control: s, audio  navigation / types of radios: s, handle: lhd, seat: 5, seat lining: synthetic leather c, sound bubble: s, speaker: s2, グレード選択: 最上級",YES,,,,,,,,,"anc / active noise cancellation / driving sound control: s, audio  navigation / types of radios: s, handle: lhd, seat: 5, seat lining: synthetic leather c, sound bubble: s, speaker: s2, グレード選択: 最上級",,,,,,,,,,,,,,,1,,,*,,
,MSTR-013-0198100,,,,,,,,,,,,,,,,,,,,,,,,,,,,,,,,,,,,,,,,,,,,,,,,,,,,,,,,,,,,,,,,,,,,,,,,,,,,,,,,,,,,,,,,,,関連表1_I(GAオーディオ音質)_XM6.xlsx,,,,,,YES,,,,,,,,,"anc / active noise cancellation / driving sound control: s, audio  navigation / types of radios: s, handle: lhd, seat: 5, seat lining: synthetic leather c, sound bubble: s, speaker: s2, グレード選択: 最上級",YES,,,,,,,,,"anc / active noise cancellation / driving sound control: s, audio  navigation / types of radios: s, handle: lhd, seat: 5, seat lining: synthetic leather c, sound bubble: s, speaker: s2, グレード選択: 最上級",,,,,,,,,,,,,,,1,,,*,,
,MSTR-013-0198200,,,,,,,,,,,,,,,,,,,,,,,,,,,,,,,,,,,,,,,,,,,,,,,,,,,,,,,,,,,,,,,,,,,,,,,,,,,,,,,,,,,,,,,,,,関連表1_I(GAオーディオ音質)_XM6.xlsx,,,,,,YES,,,,,,,,,"anc / active noise cancellation / driving sound control: s, audio  navigation / types of radios: s, handle: lhd, seat: 5, seat lining: synthetic leather c, sound bubble: s, speaker: s2, グレード選択: 最上級",YES,,,,,,,,,"anc / active noise cancellation / driving sound control: s, audio  navigation / types of radios: s, handle: lhd, seat: 5, seat lining: synthetic leather c, sound bubble: s, speaker: s2, グレード選択: 最上級",,,,,,,,,,,,,,,1,,,*,,
,MSTR-013-0198300,,,,,,,,,,,,,,,,,,,,,,,,,,,,,,,,,,,,,,,,,,,,,,,,,,,,,,,,,,,,,,,,,,,,,,,,,,,,,,,,,,,,,,,,,,関連表1_I(GAオーディオ音質)_XM6.xlsx,,,,,,YES,,,,,,,,,"anc / active noise cancellation / driving sound control: s, audio  navigation / types of radios: s, handle: lhd, seat: 5, seat lining: synthetic leather c, sound bubble: s, speaker: s2, グレード選択: 最上級",YES,,,,,,,,,"anc / active noise cancellation / driving sound control: s, audio  navigation / types of radios: s, handle: lhd, seat: 5, seat lining: synthetic leather c, sound bubble: s, speaker: s2, グレード選択: 最上級",,,,,,,,,,,,,,,1,,,*,,
,MSTR-013-0198400,,,,,,,,,,,,,,,,,,,,,,,,,,,,,,,,,,,,,,,,,,,,,,,,,,,,,,,,,,,,,,,,,,,,,,,,,,,,,,,,,,,,,,,,,,関連表1_I(GAオーディオ音質)_XM6.xlsx,,,,,,YES,,,,,,,,,"anc / active noise cancellation / driving sound control: s, audio  navigation / types of radios: s, handle: lhd, seat: 5, seat lining: synthetic leather c, sound bubble: s, speaker: s2, グレード選択: 最上級",YES,,,,,,,,,"anc / active noise cancellation / driving sound control: s, audio  navigation / types of radios: s, handle: lhd, seat: 5, seat lining: synthetic leather c, sound bubble: s, speaker: s2, グレード選択: 最上級",,,,,,,,,,,,,,,1,,,*,,
,MSTR-013-0199000,,,,,,,,,,,,,,,,,,,,,,,,,,,,,,,,,,,,,,,,,,,,,,,,,,,,,,,,,,,,,,,,,,,,,,,,,,,,,,,,,,,,,,,,,,関連表1_I(GAオーディオ音質)_XM6.xlsx,,,,,,YES,,,,,,,,,"anc / active noise cancellation / driving sound control: s, audio  navigation / types of radios: s, handle: lhd, seat: 5, seat lining: synthetic leather c, sound bubble: s, speaker: s2, グレード選択: 最上級",YES,,,,,,,,,"anc / active noise cancellation / driving sound control: s, audio  navigation / types of radios: s, handle: lhd, seat: 5, seat lining: synthetic leather c, sound bubble: s, speaker: s2, グレード選択: 最上級",,,,,,,,,,,,,,,1,,,*,,
,MSTR-013-0199100,,,,,,,,,,,,,,,,,,,,,,,,,,,,,,,,,,,,,,,,,,,,,,,,,,,,,,,,,,,,,,,,,,,,,,,,,,,,,,,,,,,,,,,,,,関連表1_I(GAオーディオ音質)_XM6.xlsx,,,,,,YES,,,,,,,,,"anc / active noise cancellation / driving sound control: s, audio  navigation / types of radios: s, handle: lhd, seat: 5, seat lining: synthetic leather c, sound bubble: s, speaker: s2, グレード選択: 最上級",YES,,,,,,,,,"anc / active noise cancellation / driving sound control: s, audio  navigation / types of radios: s, handle: lhd, seat: 5, seat lining: synthetic leather c, sound bubble: s, speaker: s2, グレード選択: 最上級",,,,,,,,,,,,,,,1,,,*,,
,MSTR-013-0199200,,,,,,,,,,,,,,,,,,,,,,,,,,,,,,,,,,,,,,,,,,,,,,,,,,,,,,,,,,,,,,,,,,,,,,,,,,,,,,,,,,,,,,,,,,関連表1_I(GAオーディオ音質)_XM6.xlsx,,,,,,YES,,,,,,,,,"anc / active noise cancellation / driving sound control: s, audio  navigation / types of radios: s, handle: lhd, seat: 5, seat lining: synthetic leather c, sound bubble: s, speaker: s2, グレード選択: 最上級",YES,,,,,,,,,"anc / active noise cancellation / driving sound control: s, audio  navigation / types of radios: s, handle: lhd, seat: 5, seat lining: synthetic leather c, sound bubble: s, speaker: s2, グレード選択: 最上級",,,,,,,,,,,,,,,1,,,*,,
,MSTR-013-0199300,,,,,,,,,,,,,,,,,,,,,,,,,,,,,,,,,,,,,,,,,,,,,,,,,,,,,,,,,,,,,,,,,,,,,,,,,,,,,,,,,,,,,,,,,,関連表1_I(GAオーディオ音質)_XM6.xlsx,,,,,,YES,,,,,,,,,"anc / active noise cancellation / driving sound control: s, audio  navigation / types of radios: s, handle: lhd, seat: 5, seat lining: synthetic leather c, sound bubble: s, speaker: s2, グレード選択: 最上級",YES,,,,,,,,,"anc / active noise cancellation / driving sound control: s, audio  navigation / types of radios: s, handle: lhd, seat: 5, seat lining: synthetic leather c, sound bubble: s, speaker: s2, グレード選択: 最上級",,,,,,,,,,,,,,,1,,,*,,
,MSTR-013-0199400,,,,,,,,,,,,,,,,,,,,,,,,,,,,,,,,,,,,,,,,,,,,,,,,,,,,,,,,,,,,,,,,,,,,,,,,,,,,,,,,,,,,,,,,,,関連表1_I(GAオーディオ音質)_XM6.xlsx,,,,,,YES,,,,,,,,,"anc / active noise cancellation / driving sound control: s, audio  navigation / types of radios: s, handle: lhd, seat: 5, seat lining: synthetic leather c, sound bubble: s, speaker: s2, グレード選択: 最上級",YES,,,,,,,,,"anc / active noise cancellation / driving sound control: s, audio  navigation / types of radios: s, handle: lhd, seat: 5, seat lining: synthetic leather c, sound bubble: s, speaker: s2, グレード選択: 最上級",,,,,,,,,,,,,,,1,,,*,,
,MSTR-013-0199500,,,,,,,,,,,,,,,,,,,,,,,,,,,,,,,,,,,,,,,,,,,,,,,,,,,,,,,,,,,,,,,,,,,,,,,,,,,,,,,,,,,,,,,,,,関連表1_I(GAオーディオ音質)_XM6.xlsx,,,,,,YES,,,,,,,,,"anc / active noise cancellation / driving sound control: s, audio  navigation / types of radios: s, handle: lhd, seat: 5, seat lining: synthetic leather c, sound bubble: s, speaker: s2, グレード選択: 最上級",YES,,,,,,,,,"anc / active noise cancellation / driving sound control: s, audio  navigation / types of radios: s, handle: lhd, seat: 5, seat lining: synthetic leather c, sound bubble: s, speaker: s2, グレード選択: 最上級",,,,,,,,,,,,,,,1,,,*,,
,MSTR-013-0200100,,,,,,,,,,,,,,,,,,,,,,,,,,,,,,,,,,,,,,,,,,,,,,,,,,,,,,,,,,,,,,,,,,,,,,,,,,,,,,,,,,,,,,,,,,関連表1_I(GAオーディオ音質)_XM6.xlsx,,,,,,YES,,,,,,,,,"anc / active noise cancellation / driving sound control: s, audio  navigation / types of radios: s, handle: lhd, seat: 5, seat lining: synthetic leather c, sound bubble: s, speaker: s2, グレード選択: 最上級",YES,,,,,,,,,"anc / active noise cancellation / driving sound control: s, audio  navigation / types of radios: s, handle: lhd, seat: 5, seat lining: synthetic leather c, sound bubble: s, speaker: s2, グレード選択: 最上級",,,,,,,,,,,,,,,1,,,*,,
,MSTR-013-0200200,,,,,,,,,,,,,,,,,,,,,,,,,,,,,,,,,,,,,,,,,,,,,,,,,,,,,,,,,,,,,,,,,,,,,,,,,,,,,,,,,,,,,,,,,,関連表1_I(GAオーディオ音質)_XM6.xlsx,,,,,,YES,,,,,,,,,"anc / active noise cancellation / driving sound control: s, audio  navigation / types of radios: s, handle: lhd, seat: 5, seat lining: synthetic leather c, sound bubble: s, speaker: s2, グレード選択: 最上級",YES,,,,,,,,,"anc / active noise cancellation / driving sound control: s, audio  navigation / types of radios: s, handle: lhd, seat: 5, seat lining: synthetic leather c, sound bubble: s, speaker: s2, グレード選択: 最上級",,,,,,,,,,,,,,,1,,,*,,
,MSTR-013-0200300,,,,,,,,,,,,,,,,,,,,,,,,,,,,,,,,,,,,,,,,,,,,,,,,,,,,,,,,,,,,,,,,,,,,,,,,,,,,,,,,,,,,,,,,,,関連表1_I(GAオーディオ音質)_XM6.xlsx,,,,,,YES,,,,,,,,,"anc / active noise cancellation / driving sound control: s, audio  navigation / types of radios: s, handle: lhd, seat: 5, seat lining: synthetic leather c, sound bubble: s, speaker: s2, グレード選択: 最上級",YES,,,,,,,,,"anc / active noise cancellation / driving sound control: s, audio  navigation / types of radios: s, handle: lhd, seat: 5, seat lining: synthetic leather c, sound bubble: s, speaker: s2, グレード選択: 最上級",,,,,,,,,,,,,,,1,,,*,,
,MSTR-013-0200400,,,,,,,,,,,,,,,,,,,,,,,,,,,,,,,,,,,,,,,,,,,,,,,,,,,,,,,,,,,,,,,,,,,,,,,,,,,,,,,,,,,,,,,,,,関連表1_I(GAオーディオ音質)_XM6.xlsx,,,,,,YES,,,,,,,,,"anc / active noise cancellation / driving sound control: s, audio  navigation / types of radios: s, handle: lhd, seat: 5, seat lining: synthetic leather c, sound bubble: s, speaker: s2, グレード選択: 最上級",YES,,,,,,,,,"anc / active noise cancellation / driving sound control: s, audio  navigation / types of radios: s, handle: lhd, seat: 5, seat lining: synthetic leather c, sound bubble: s, speaker: s2, グレード選択: 最上級",,,,,,,,,,,,,,,1,,,*,,
,MSTR-013-0200500,,,,,,,,,,,,,,,,,,,,,,,,,,,,,,,,,,,,,,,,,,,,,,,,,,,,,,,,,,,,,,,,,,,,,,,,,,,,,,,,,,,,,,,,,,関連表1_I(GAオーディオ音質)_XM6.xlsx,,,,,,YES,,,,,,,,,"anc / active noise cancellation / driving sound control: s, audio  navigation / types of radios: s, handle: lhd, seat: 5, seat lining: synthetic leather c, sound bubble: s, speaker: s2, グレード選択: 最上級",YES,,,,,,,,,"anc / active noise cancellation / driving sound control: s, audio  navigation / types of radios: s, handle: lhd, seat: 5, seat lining: synthetic leather c, sound bubble: s, speaker: s2, グレード選択: 最上級",,,,,,,,,,,,,,,1,,,*,,
,MSTR-013-0200600,,,,,,,,,,,,,,,,,,,,,,,,,,,,,,,,,,,,,,,,,,,,,,,,,,,,,,,,,,,,,,,,,,,,,,,,,,,,,,,,,,,,,,,,,,関連表1_I(GAオーディオ音質)_XM6.xlsx,,,,,,YES,,,,,,,,,"anc / active noise cancellation / driving sound control: s, audio  navigation / types of radios: s, handle: lhd, seat: 5, seat lining: synthetic leather c, sound bubble: s, speaker: s2, グレード選択: 最上級",YES,,,,,,,,,"anc / active noise cancellation / driving sound control: s, audio  navigation / types of radios: s, handle: lhd, seat: 5, seat lining: synthetic leather c, sound bubble: s, speaker: s2, グレード選択: 最上級",,,,,,,,,,,,,,,1,,,*,,
,MSTR-013-0200700,,,,,,,,,,,,,,,,,,,,,,,,,,,,,,,,,,,,,,,,,,,,,,,,,,,,,,,,,,,,,,,,,,,,,,,,,,,,,,,,,,,,,,,,,,関連表1_I(GAオーディオ音質)_XM6.xlsx,,,,,,YES,,,,,,,,,"anc / active noise cancellation / driving sound control: s, audio  navigation / types of radios: s, handle: lhd, seat: 5, seat lining: synthetic leather c, sound bubble: s, speaker: s2, グレード選択: 最上級",YES,,,,,,,,,"anc / active noise cancellation / driving sound control: s, audio  navigation / types of radios: s, handle: lhd, seat: 5, seat lining: synthetic leather c, sound bubble: s, speaker: s2, グレード選択: 最上級",,,,,,,,,,,,,,,1,,,*,,
,MSTR-013-0201600,,,,,,,,,,,,,,,,,,,,,,,,,,,,,,,,,,,,,,,,,,,,,,,,,,,,,,,,,,,,,,,,,,,,,,,,,関連表1_I(IVI)_XM6.xlsx,,,,,,YES,,,,,,,,,,ivi: w,,,,,,,,,,,,,,,,,,,,,,,,,,,,,,,,,,,,,,,,,1,,,,,
,MSTR-013-0201600_d0001,,,,,,,,,,,,,,,,,,,,,,,,,,,,,,,,,,,,,,,,,,,,,,,,,,,,,,,,,,,,,,,,,,,,,,,,,,,,,,,,,,,,,,,,,,関連表1_I(IVI)_XM6.xlsx,,,,,,YES,,,,,,,,,ivi: w,YES,,,,,,,,,ivi: w,,,,,,,,,,,,,1,*,*,*,*,*,,
,MSTR-013-0201700,,,,,,,,,,,,,,,,,,,,,,,,,,,,,,,,,,,,,,,,,,,,,,,,,,,,,,,,,,,,,,,,,,,,,,,,,関連表1_I(IVI)_XM6.xlsx,,,,,,YES,,,,,,,,,,ivi: w,,,,,,,,,,,,,,,,,,,,,,,,,,,,,,,,,,,,,,,,,1,,,,,
,MSTR-013-0201700_d0001,,,,,,,,,,,,,,,,,,,,,,,,,,,,,,,,,,,,,,,,,,,,,,,,,,,,,,,,,,,,,,,,,,,,,,,,,,,,,,,,,,,,,,,,,,関連表1_I(IVI)_XM6.xlsx,,,,,,YES,,,,,,,,,ivi: w,YES,,,,,,,,,ivi: w,,,,,,,,,,,,,1,*,*,*,*,*,,
,MSTR-013-0201800,,,,,,,,,,,,,,,,,,,,,,,,,,,,,,,,,,,,,,,,,,,,,,,,,,,,,,,,,,,,,,,,,,,,,,,,,,,,,,,,,,,,,,,,,,関連表1_I(IVI)_XM6.xlsx,,,,,,YES,,,,,,,,,ivi: w,YES,,,,,,,,,ivi: w,,,,,,,,,,,,,1,*,*,*,*,*,,
,MSTR-013-0201800_d0001,,,,,,,,,,,,,,,,,,,,,,,,,,,,,,,,,,,,,,,,,,,,,,,,,,,,,,,,,,,,,,,,,,,,,,,,,関連表1_I(IVI)_XM6.xlsx,,,,,,YES,,,,,,,,,,ivi: w,,,,,,,,,,,,,,,,,,,,,,,,,,,,,,,,,,,,,,,,,1,,,,,
,MSTR-013-0201900,,,,,,,,,,,,,,,,,,,,,,,,,,,,,,,,,,,,,,,,,,,,,,,,,,,,,,,,,,,,,,,,,,,,,,,,,,,,,,,,,,,,,,,,,,関連表1_I(IVI)_XM6.xlsx,,,,,,YES,,,,,,,,,ivi: w,YES,,,,,,,,,ivi: w,,,,,,,,,,,,,1,*,*,*,*,*,,
,MSTR-013-0201900_d0001,,,,,,,,,,,,,,,,,,,,,,,,,,,,,,,,,,,,,,,,,,,,,,,,,,,,,,,,,,,,,,,,,,,,,,,,,関連表1_I(IVI)_XM6.xlsx,,,,,,YES,,,,,,,,,,ivi: w,,,,,,,,,,,,,,,,,,,,,,,,,,,,,,,,,,,,,,,,,1,,,,,
,MSTR-013-0202000,,,,,,,,,,,,,,,,,,,,,,,,,,,,,,,,,,,,,,,,,,,,,,,,,,,,,,,,,,,,,,,,,,,,,,,,,,,,,,,,,,,,,,,,,,関連表1_I(IVI)_XM6.xlsx,,,,,,YES,,,,,,,,,ivi: w,YES,,,,,,,,,ivi: w,,,,,,,,,,,,,1,*,*,*,*,*,,
,MSTR-013-0202000_d0001,,,,,,,,,,,,,,,,,,,,,,,,,,,,,,,,,,,,,,,,,,,,,,,,,,,,,,,,,,,,,,,,,,,,,,,,,関連表1_I(IVI)_XM6.xlsx,,,,,,YES,,,,,,,,,,ivi: w,,,,,,,,,,,,,,,,,,,,,,,,,,,,,,,,,,,,,,,,,1,,,,,
,MSTR-013-0202100,,,,,,,,,,,,,,,,,,,,,,,,,,,,,,,,,,,,,,,,,,,,,,,,,,,,,,,,,,,,,,,,,,,,,,,,,,,,,,,,,,,,,,,,,,関連表1_I(IVI)_XM6.xlsx,,,,,,YES,,,,,,,,,ivi: w,YES,,,,,,,,,ivi: w,,,,,,,,,,,,,1,*,*,*,*,*,,
,MSTR-013-0202100_d0001,,,,,,,,,,,,,,,,,,,,,,,,,,,,,,,,,,,,,,,,,,,,,,,,,,,,,,,,,,,,,,,,,,,,,,,,,関連表1_I(IVI)_XM6.xlsx,,,,,,YES,,,,,,,,,,ivi: w,,,,,,,,,,,,,,,,,,,,,,,,,,,,,,,,,,,,,,,,,1,,,,,
,MSTR-013-0202200,,,,,,,,,,,,,,,,,,,,,,,,,,,,,,,,,,,,,,,,,,,,,,,,,,,,,,,,,,,,,,,,,,,,,,,,,関連表1_I(IVI)_XM6.xlsx,,,,,,YES,,,,,,,,,,ivi: w,,,,,,,,,,,,,,,,,,,,,,,,,,,,,,,,,,,,,,,,,1,,,,,
,MSTR-013-0202200_d0001,,,,,,,,,,,,,,,,,,,,,,,,,,,,,,,,,,,,,,,,,,,,,,,,,,,,,,,,,,,,,,,,,,,,,,,,,,,,,,,,,,,,,,,,,,関連表1_I(IVI)_XM6.xlsx,,,,,,YES,,,,,,,,,ivi: w,YES,,,,,,,,,ivi: w,,,,,,,,,,,,,1,*,*,*,*,*,,
,MSTR-013-0202300,,,,,,,,,,,,,,,,,,,,,,,,,,,,,,,,,,,,,,,,,,,,,,,,,,,,,,,,,,,,,,,,,,,,,,,,,関連表1_I(IVI)_XM6.xlsx,,,,,,YES,,,,,,,,,,ivi: w,,,,,,,,,,,,,,,,,,,,,,,,,,,,,,,,,,,,,,,,,1,,,,,
,MSTR-013-0202300_d0001,,,,,,,,,,,,,,,,,,,,,,,,,,,,,,,,,,,,,,,,,,,,,,,,,,,,,,,,,,,,,,,,,,,,,,,,,,,,,,,,,,,,,,,,,,関連表1_I(IVI)_XM6.xlsx,,,,,,YES,,,,,,,,,ivi: w,,,,,,,,,,,,,,,,,,,,,,,1,*,*,*,*,*,,
,MSTR-013-0202400,,,,,,,,,,,,,,,,,,,,,,,,,,,,,,,,,,,,,,,,,,,,,,,,,,,,,,,,,,,,,,,,,,,,,,,,,関連表1_I(IVI)_XM6.xlsx,,,,,,YES,,,,,,,,,,ivi: w,,,,,,,,,,,,,,,,,,,,,,,,,,,,,,,,,,,,,,,,,1,,,,,
,MSTR-013-0202400_d0001,,,,,,,,,,,,,,,,,,,,,,,,,,,,,,,,,,,,,,,,,,,,,,,,,,,,,,,,,,,,,,,,,,,,,,,,,,,,,,,,,,,,,,,,,,関連表1_I(IVI)_XM6.xlsx,,,,,,YES,,,,,,,,,ivi: w,YES,,,,,,,,,ivi: w,,,,,,,,,,,,,1,*,*,*,*,*,,
,MSTR-013-0202500,,,,,,,,,,,,,,,,,,,,,,,,,,,,,,,,,,,,,,,,,,,,,,,,,,,,,,,,,,,,,,,,,,,,,,,,,,,,,,,,,,,,,,,,,,関連表1_I(IVI)_XM6.xlsx,,,,,,YES,,,,,,,,,ivi: w,YES,,,,,,,,,ivi: w,,,,,,,,,,,,,1,*,*,*,*,*,,
,MSTR-013-0202500_d0001,,,,,,,,,,,,,,,,,,,,,,,,,,,,,,,,,,,,,,,,,,,,,,,,,,,,,,,,,,,,,,,,,,,,,,,,,関連表1_I(IVI)_XM6.xlsx,,,,,,YES,,,,,,,,,,ivi: w,,,,,,,,,,,,,,,,,,,,,,,,,,,,,,,,,,,,,,,,,1,,,,,
,MSTR-013-0202600,,,,,,,,,,,,,,,,,,,,,,,,,,,,,,,,,,,,,,,,,,,,,,,,,,,,,,,,,,,,,,,,,,,,,,,,,関連表1_I(IVI)_XM6.xlsx,,,,,,YES,,,,,,,,,,ivi: w,,,,,,,,,,,,,,,,,,,,,,,,,,,,,,,,,,,,,,,,,1,,,,,
,MSTR-013-0202600_d0001,,,,,,,,,,,,,,,,,,,,,,,,,,,,,,,,,,,,,,,,,,,,,,,,,,,,,,,,,,,,,,,,,,,,,,,,,,,,,,,,,,,,,,,,,,関連表1_I(IVI)_XM6.xlsx,,,,,,YES,,,,,,,,,ivi: w,YES,,,,,,,,,ivi: w,,,,,,,,,,,,,1,*,*,*,*,*,,
,MSTR-013-0202700,,,,,,,,,,,,,,,,,,,,,,,,,,,,,,,,,,,,,,,,,,,,,,,,,,,,,,,,,,,,,,,,,,,,,,,,,,,,,,,,,,,,,,,,,,関連表1_I(IVI)_XM6.xlsx,,,,,,YES,,,,,,,,,ivi: w,YES,,,,,,,,,ivi: w,,,,,,,,,,,,,1,*,*,*,*,*,,
,MSTR-013-0202700_d0001,,,,,,,,,,,,,,,,,,,,,,,,,,,,,,,,,,,,,,,,,,,,,,,,,,,,,,,,,,,,,,,,,,,,,,,,,関連表1_I(IVI)_XM6.xlsx,,,,,,YES,,,,,,,,,,ivi: w,,,,,,,,,,,,,,,,,,,,,,,,,,,,,,,,,,,,,,,,,1,,,,,
,MSTR-013-0202800,,,,,,,,,,,,,,,,,,,,,,,,,,,,,,,,,,,,,,,,,,,,,,,,,,,,,,,,,,,,,,,,,,,,,,,,,,,,,,,,,,,,,,,,,,関連表1_I(IVI)_XM6.xlsx,,,,,,YES,,,,,,,,,ivi: w,YES,,,,,,,,,ivi: w,,,,,,,,,,,,,1,*,*,*,*,*,,
,MSTR-013-0202800_d0001,,,,,,,,,,,,,,,,,,,,,,,,,,,,,,,,,,,,,,,,,,,,,,,,,,,,,,,,,,,,,,,,,,,,,,,,,関連表1_I(IVI)_XM6.xlsx,,,,,,YES,,,,,,,,,,ivi: w,,,,,,,,,,,,,,,,,,,,,,,,,,,,,,,,,,,,,,,,,1,,,,,
,MSTR-013-0202900,,,,,,,,,,,,,,,,,,,,,,,,,,,,,,,,,,,,,,,,,,,,,,,,,,,,,,,,,,,,,,,,,,,,,,,,,関連表1_I(IVI)_XM6.xlsx,,,,,,YES,,,,,,,,,,ivi: w,,,,,,,,,,,,,,,,,,,,,,,,,,,,,,,,,,,,,,,,,1,,,,,
,MSTR-013-0202900_d0001,,,,,,,,,,,,,,,,,,,,,,,,,,,,,,,,,,,,,,,,,,,,,,,,,,,,,,,,,,,,,,,,,,,,,,,,,,,,,,,,,,,,,,,,,,関連表1_I(IVI)_XM6.xlsx,,,,,,YES,,,,,,,,,ivi: w,YES,,,,,,,,,ivi: w,,,,,,,,,,,,,1,*,*,*,*,*,,
,MSTR-013-0203000,,,,,,,,,,,,,,,,,,,,,,,,,,,,,,,,,,,,,,,,,,,,,,,,,,,,,,,,,,,,,,,,,,,,,,,,,関連表1_I(IVI)_XM6.xlsx,,,,,,YES,,,,,,,,,,ivi: w,,,,,,,,,,,,,,,,,,,,,,,,,,,,,,,,,,,,,,,,,1,,,,,
,MSTR-013-0203000_d0001,,,,,,,,,,,,,,,,,,,,,,,,,,,,,,,,,,,,,,,,,,,,,,,,,,,,,,,,,,,,,,,,,,,,,,,,,,,,,,,,,,,,,,,,,,関連表1_I(IVI)_XM6.xlsx,,,,,,YES,,,,,,,,,ivi: w,YES,,,,,,,,,ivi: w,,,,,,,,,,,,,1,*,*,*,*,*,,
,MSTR-013-0203100,,,,,,,,,,,,,,,,,,,,,,,,,,,,,,,,,,,,,,,,,,,,,,,,,,,,,,,,,,,,,,,,,,,,,,,,,関連表1_I(IVI)_XM6.xlsx,,,,,,YES,,,,,,,,,,ivi: w,,,,,,,,,,,,,,,,,,,,,,,,,,,,,,,,,,,,,,,,,1,,,,,
,MSTR-013-0203100_d0001,,,,,,,,,,,,,,,,,,,,,,,,,,,,,,,,,,,,,,,,,,,,,,,,,,,,,,,,,,,,,,,,,,,,,,,,,,,,,,,,,,,,,,,,,,関連表1_I(IVI)_XM6.xlsx,,,,,,YES,,,,,,,,,ivi: w,YES,,,,,,,,,ivi: w,,,,,,,,,,,,,1,*,*,*,*,*,,
,MSTR-013-0203200,,,,,,,,,,,,,,,,,,,,,,,,,,,,,,,,,,,,,,,,,,,,,,,,,,,,,,,,,,,,,,,,,,,,,,,,,関連表1_I(IVI)_XM6.xlsx,,,,,,YES,,,,,,,,,,ivi: w,,,,,,,,,,,,,,,,,,,,,,,,,,,,,,,,,,,,,,,,,1,,,,,
,MSTR-013-0203200_d0001,,,,,,,,,,,,,,,,,,,,,,,,,,,,,,,,,,,,,,,,,,,,,,,,,,,,,,,,,,,,,,,,,,,,,,,,,,,,,,,,,,,,,,,,,,関連表1_I(IVI)_XM6.xlsx,,,,,,YES,,,,,,,,,ivi: w,YES,,,,,,,,,ivi: w,,,,,,,,,,,,,1,*,*,*,*,*,,
,MSTR-013-0203300,,,,,,,,,,,,,,,,,,,,,,,,,,,,,,,,,,,,,,,,,,,,,,,,,,,,,,,,,,,,,,,,,,,,,,,,,関連表1_I(IVI)_XM6.xlsx,,,,,,YES,,,,,,,,,,ivi: w,,,,,,,,,,,,,,,,,,,,,,,,,,,,,,,,,,,,,,,,,1,,,,,
,MSTR-013-0203300_d0001,,,,,,,,,,,,,,,,,,,,,,,,,,,,,,,,,,,,,,,,,,,,,,,,,,,,,,,,,,,,,,,,,,,,,,,,,,,,,,,,,,,,,,,,,,関連表1_I(IVI)_XM6.xlsx,,,,,,YES,,,,,,,,,ivi: w,YES,,,,,,,,,ivi: w,,,,,,,,,,,,,1,*,*,*,*,*,,
,MSTR-013-0203400,,,,,,,,,,,,,,,,,,,,,,,,,,,,,,,,,,,,,,,,,,,,,,,,,,,,,,,,,,,,,,,,,,,,,,,,,関連表1_I(IVI)_XM6.xlsx,,,,,,YES,,,,,,,,,,ivi: w,,,,,,,,,,,,,,,,,,,,,,,,,,,,,,,,,,,,,,,,,1,,,,,
,MSTR-013-0203400_d0001,,,,,,,,,,,,,,,,,,,,,,,,,,,,,,,,,,,,,,,,,,,,,,,,,,,,,,,,,,,,,,,,,,,,,,,,,,,,,,,,,,,,,,,,,,関連表1_I(IVI)_XM6.xlsx,,,,,,YES,,,,,,,,,ivi: w,YES,,,,,,,,,ivi: w,,,,,,,,,,,,,1,*,*,*,*,*,,
,MSTR-013-0203500,,,,,,,,,,,,,,,,,,,,,,,,,,,,,,,,,,,,,,,,,,,,,,,,,,,,,,,,,,,,,,,,,,,,,,,,,,,,,,,,,,,,,,,,,,関連表1_I(IVI)_XM6.xlsx,,,,,,YES,,,,,,,,,ivi: w,YES,,,,,,,,,ivi: w,,,,,,,,,,,,,1,*,*,*,*,*,,
,MSTR-013-0203500_d0001,,,,,,,,,,,,,,,,,,,,,,,,,,,,,,,,,,,,,,,,,,,,,,,,,,,,,,,,,,,,,,,,,,,,,,,,,関連表1_I(IVI)_XM6.xlsx,,,,,,YES,,,,,,,,,,ivi: w,,,,,,,,,,,,,,,,,,,,,,,,,,,,,,,,,,,,,,,,,1,,,,,
,MSTR-013-0203600,,,,,,,,,,,,,,,,,,,,,,,,,,,,,,,,,,,,,,,,,,,,,,,,,,,,,,,,,,,,,,,,,,,,,,,,,関連表1_I(IVI)_XM6.xlsx,,,,,,YES,,,,,,,,,,ivi: w,,,,,,,,,,,,,,,,,,,,,,,,,,,,,,,,,,,,,,,,,1,,,,,
,MSTR-013-0203600_d0001,,,,,,,,,,,,,,,,,,,,,,,,,,,,,,,,,,,,,,,,,,,,,,,,,,,,,,,,,,,,,,,,,,,,,,,,,,,,,,,,,,,,,,,,,,関連表1_I(IVI)_XM6.xlsx,,,,,,YES,,,,,,,,,ivi: w,YES,,,,,,,,,ivi: w,,,,,,,,,,,,,1,*,*,*,*,*,,
,MSTR-013-0203700,,,,,,,,,,,,,,,,,,,,,,,,,,,,,,,,,,,,,,,,,,,,,,,,,,,,,,,,,,,,,,,,,,,,,,,,,関連表1_I(IVI)_XM6.xlsx,,,,,,YES,,,,,,,,,,ivi: w,,,,,,,,,,,,,,,,,,,,,,,,,,,,,,,,,,,,,,,,,1,,,,,
,MSTR-013-0203700_d0001,,,,,,,,,,,,,,,,,,,,,,,,,,,,,,,,,,,,,,,,,,,,,,,,,,,,,,,,,,,,,,,,,,,,,,,,,,,,,,,,,,,,,,,,,,関連表1_I(IVI)_XM6.xlsx,,,,,,YES,,,,,,,,,ivi: w,YES,,,,,,,,,ivi: w,,,,,,,,,,,,,1,*,*,*,*,*,,
,MSTR-013-0203800,,,,,,,,,,,,,,,,,,,,,,,,,,,,,,,,,,,,,,,,,,,,,,,,,,,,,,,,,,,,,,,,,,,,,,,,,,,,,,,,,,,,,,,,,,関連表1_I(IVI)_XM6.xlsx,,,,,,YES,,,,,,,,,ivi: w,YES,,,,,,,,,ivi: w,,,,,,,,,,,,,1,*,*,*,*,*,,
,MSTR-013-0203800_d0001,,,,,,,,,,,,,,,,,,,,,,,,,,,,,,,,,,,,,,,,,,,,,,,,,,,,,,,,,,,,,,,,,,,,,,,,,関連表1_I(IVI)_XM6.xlsx,,,,,,YES,,,,,,,,,,ivi: w,,,,,,,,,,,,,,,,,,,,,,,,,,,,,,,,,,,,,,,,,1,,,,,
,MSTR-013-0203900,,,,,,,,,,,,,,,,,,,,,,,,,,,,,,,,,,,,,,,,,,,,,,,,,,,,,,,,,,,,,,,,,,,,,,,,,,,,,,,,,,,,,,,,,,関連表1_I(IVI)_XM6.xlsx,,,,,,YES,,,,,,,,,ivi: w,YES,,,,,,,,,ivi: w,,,,,,,,,,,,,1,*,*,*,*,*,,
,MSTR-013-0203900_d0001,,,,,,,,,,,,,,,,,,,,,,,,,,,,,,,,,,,,,,,,,,,,,,,,,,,,,,,,,,,,,,,,,,,,,,,,,関連表1_I(IVI)_XM6.xlsx,,,,,,YES,,,,,,,,,,ivi: w,,,,,,,,,,,,,,,,,,,,,,,,,,,,,,,,,,,,,,,,,1,,,,,
,MSTR-013-0204000,,,,,,,,,,,,,,,,,,,,,,,,,,,,,,,,,,,,,,,,,,,,,,,,,,,,,,,,,,,,,,,,,,,,,,,,,,,,,,,,,,,,,,,,,,関連表1_I(IVI)_XM6.xlsx,,,,,,YES,,,,,,,,,ivi: w,YES,,,,,,,,,ivi: w,,,,,,,,,,,,,1,*,*,*,*,*,,
,MSTR-013-0204000_d0001,,,,,,,,,,,,,,,,,,,,,,,,,,,,,,,,,,,,,,,,,,,,,,,,,,,,,,,,,,,,,,,,,,,,,,,,,関連表1_I(IVI)_XM6.xlsx,,,,,,YES,,,,,,,,,,ivi: w,,,,,,,,,,,,,,,,,,,,,,,,,,,,,,,,,,,,,,,,,1,,,,,
,MSTR-013-0204100,,,,,,,,,,,,,,,,,,,,,,,,,,,,,,,,,,,,,,,,,,,,,,,,,,,,,,,,,,,,,,,,,,,,,,,,,,,,,,,,,,,,,,,,,,関連表1_I(IVI)_XM6.xlsx,,,,,,YES,,,,,,,,,ivi: w,YES,,,,,,,,,ivi: w,,,,,,,,,,,,,1,*,*,*,*,*,,
,MSTR-013-0204100_d0001,,,,,,,,,,,,,,,,,,,,,,,,,,,,,,,,,,,,,,,,,,,,,,,,,,,,,,,,,,,,,,,,,,,,,,,,,関連表1_I(IVI)_XM6.xlsx,,,,,,YES,,,,,,,,,,ivi: w,,,,,,,,,,,,,,,,,,,,,,,,,,,,,,,,,,,,,,,,,1,,,,,
,MSTR-013-0204200,,,,,,,,,,,,,,,,,,,,,,,,,,,,,,,,,,,,,,,,,,,,,,,,,,,,,,,,,,,,,,,,,,,,,,,,,,,,,,,,,,,,,,,,,,関連表1_I(IVI)_XM6.xlsx,,,,,,YES,,,,,,,,,ivi: w,YES,,,,,,,,,ivi: w,,,,,,,,,,,,,1,*,*,*,*,*,,
,MSTR-013-0204200_d0001,,,,,,,,,,,,,,,,,,,,,,,,,,,,,,,,,,,,,,,,,,,,,,,,,,,,,,,,,,,,,,,,,,,,,,,,,関連表1_I(IVI)_XM6.xlsx,,,,,,YES,,,,,,,,,,ivi: w,,,,,,,,,,,,,,,,,,,,,,,,,,,,,,,,,,,,,,,,,1,,,,,
,MSTR-013-0204300,,,,,,,,,,,,,,,,,,,,,,,,,,,,,,,,,,,,,,,,,,,,,,,,,,,,,,,,,,,,,,,,,,,,,,,,,,,,,,,,,,,,,,,,,,関連表1_I(IVI)_XM6.xlsx,,,,,,YES,,,,,,,,,ivi: w,YES,,,,,,,,,ivi: w,,,,,,,,,,,,,1,*,*,*,*,*,,
,MSTR-013-0204300_d0001,,,,,,,,,,,,,,,,,,,,,,,,,,,,,,,,,,,,,,,,,,,,,,,,,,,,,,,,,,,,,,,,,,,,,,,,,関連表1_I(IVI)_XM6.xlsx,,,,,,YES,,,,,,,,,,ivi: w,,,,,,,,,,,,,,,,,,,,,,,,,,,,,,,,,,,,,,,,,1,,,,,
,MSTR-013-0204400,,,,,,,,,,,,,,,,,,,,,,,,,,,,,,,,,,,,,,,,,,,,,,,,,,,,,,,,,,,,,,,,,,,,,,,,,,,,,,,,,,,,,,,,,,関連表1_I(IVI)_XM6.xlsx,,,,,,YES,,,,,,,,,ivi: w,YES,,,,,,,,,ivi: w,,,,,,,,,,,,,1,*,*,*,*,*,,
,MSTR-013-0204400_d0001,,,,,,,,,,,,,,,,,,,,,,,,,,,,,,,,,,,,,,,,,,,,,,,,,,,,,,,,,,,,,,,,,,,,,,,,,関連表1_I(IVI)_XM6.xlsx,,,,,,YES,,,,,,,,,,ivi: w,,,,,,,,,,,,,,,,,,,,,,,,,,,,,,,,,,,,,,,,,1,,,,,
,MSTR-013-0204500,,,,,,,,,,,,,,,,,,,,,,,,,,,,,,,,,,,,,,,,,,,,,,,,,,,,,,,,,,,,,,,,,,,,,,,,,,,,,,,,,,,,,,,,,,関連表1_I(IVI)_XM6.xlsx,,,,,,YES,,,,,,,,,ivi: w,YES,,,,,,,,,ivi: w,,,,,,,,,,,,,1,*,*,*,*,*,,
,MSTR-013-0204500_d0001,,,,,,,,,,,,,,,,,,,,,,,,,,,,,,,,,,,,,,,,,,,,,,,,,,,,,,,,,,,,,,,,,,,,,,,,,関連表1_I(IVI)_XM6.xlsx,,,,,,YES,,,,,,,,,,ivi: w,,,,,,,,,,,,,,,,,,,,,,,,,,,,,,,,,,,,,,,,,1,,,,,
,MSTR-013-0204600,,,,,,,,,,,,,,,,,,,,,,,,,,,,,,,,,,,,,,,,,,,,,,,,,,,,,,,,,,,,,,,,,,,,,,,,,,,,,,,,,,,,,,,,,,関連表1_I(IVI)_XM6.xlsx,,,,,,YES,,,,,,,,,ivi: w,YES,,,,,,,,,ivi: w,,,,,,,,,,,,,1,*,*,*,*,*,,
,MSTR-013-0204600_d0001,,,,,,,,,,,,,,,,,,,,,,,,,,,,,,,,,,,,,,,,,,,,,,,,,,,,,,,,,,,,,,,,,,,,,,,,,関連表1_I(IVI)_XM6.xlsx,,,,,,YES,,,,,,,,,,ivi: w,,,,,,,,,,,,,,,,,,,,,,,,,,,,,,,,,,,,,,,,,1,,,,,
,MSTR-013-0204700,,,,,,,,,,,,,,,,,,,,,,,,,,,,,,,,,,,,,,,,,,,,,,,,,,,,,,,,,,,,,,,,,,,,,,,,,,,,,,,,,,,,,,,,,,関連表1_I(IVI)_XM6.xlsx,,,,,,YES,,,,,,,,,ivi: w,YES,,,,,,,,,ivi: w,,,,,,,,,,,,,1,*,*,*,*,*,,
,MSTR-013-0204700_d0001,,,,,,,,,,,,,,,,,,,,,,,,,,,,,,,,,,,,,,,,,,,,,,,,,,,,,,,,,,,,,,,,,,,,,,,,,関連表1_I(IVI)_XM6.xlsx,,,,,,YES,,,,,,,,,,ivi: w,,,,,,,,,,,,,,,,,,,,,,,,,,,,,,,,,,,,,,,,,1,,,,,
,MSTR-013-0204800,,,,,,,,,,,,,,,,,,,,,,,,,,,,,,,,,,,,,,,,,,,,,,,,,,,,,,,,,,,,,,,,,,,,,,,,,関連表1_I(IVI)_XM6.xlsx,,,,,,YES,,,,,,,,,,ivi: w,,,,,,,,,,,,,,,,,,,,,,,,,,,,,,,,,,,,,,,,,1,,,,,
,MSTR-013-0204800_d0001,,,,,,,,,,,,,,,,,,,,,,,,,,,,,,,,,,,,,,,,,,,,,,,,,,,,,,,,,,,,,,,,,,,,,,,,,,,,,,,,,,,,,,,,,,関連表1_I(IVI)_XM6.xlsx,,,,,,YES,,,,,,,,,ivi: w,YES,,,,,,,,,ivi: w,,,,,,,,,,,,,1,*,*,*,*,*,,
,MSTR-013-0204900,,,,,,,,,,,,,,,,,,,,,,,,,,,,,,,,,,,,,,,,,,,,,,,,,,,,,,,,,,,,,,,,,,,,,,,,,,,,,,,,,,,,,,,,,,関連表1_I(IVI)_XM6.xlsx,,,,,,YES,,,,,,,,,ivi: w,YES,,,,,,,,,ivi: w,,,,,,,,,,,,,1,*,*,*,*,*,,
,MSTR-013-0204900_d0001,,,,,,,,,,,,,,,,,,,,,,,,,,,,,,,,,,,,,,,,,,,,,,,,,,,,,,,,,,,,,,,,,,,,,,,,,関連表1_I(IVI)_XM6.xlsx,,,,,,YES,,,,,,,,,,ivi: w,,,,,,,,,,,,,,,,,,,,,,,,,,,,,,,,,,,,,,,,,1,,,,,
,MSTR-013-0205000,,,,,,,,,,,,,,,,,,,,,,,,,,,,,,,,,,,,,,,,,,,,,,,,,,,,,,,,,,,,,,,,,,,,,,,,,,,,,,,,,,,,,,,,,,関連表1_I(IVI)_XM6.xlsx,,,,,,YES,,,,,,,,,ivi: w,YES,,,,,,,,,ivi: w,,,,,,,,,,,,,1,*,*,*,*,*,,
,MSTR-013-0205000_d0001,,,,,,,,,,,,,,,,,,,,,,,,,,,,,,,,,,,,,,,,,,,,,,,,,,,,,,,,,,,,,,,,,,,,,,,,,関連表1_I(IVI)_XM6.xlsx,,,,,,YES,,,,,,,,,,ivi: w,,,,,,,,,,,,,,,,,,,,,,,,,,,,,,,,,,,,,,,,,1,,,,,
,MSTR-013-0205100,,,,,,,,,,,,,,,,,,,,,,,,,,,,,,,,,,,,,,,,,,,,,,,,,,,,,,,,,,,,,,,,,,,,,,,,,,,,,,,,,,,,,,,,,,関連表1_I(IVI)_XM6.xlsx,,,,,,YES,,,,,,,,,ivi: w,YES,,,,,,,,,ivi: w,,,,,,,,,,,,,1,*,*,*,*,*,,
,MSTR-013-0205100_d0001,,,,,,,,,,,,,,,,,,,,,,,,,,,,,,,,,,,,,,,,,,,,,,,,,,,,,,,,,,,,,,,,,,,,,,,,,関連表1_I(IVI)_XM6.xlsx,,,,,,YES,,,,,,,,,,ivi: w,,,,,,,,,,,,,,,,,,,,,,,,,,,,,,,,,,,,,,,,,1,,,,,
,MSTR-013-0205200,,,,,,,,,,,,,,,,,,,,,,,,,,,,,,,,,,,,,,,,,,,,,,,,,,,,,,,,,,,,,,,,,,,,,,,,,関連表1_I(IVI)_XM6.xlsx,,,,,,YES,,,,,,,,,,ivi: w,,,,,,,,,,,,,,,,,,,,,,,,,,,,,,,,,,,,,,,,,1,,,,,
,MSTR-013-0205200_d0001,,,,,,,,,,,,,,,,,,,,,,,,,,,,,,,,,,,,,,,,,,,,,,,,,,,,,,,,,,,,,,,,,,,,,,,,,,,,,,,,,,,,,,,,,,関連表1_I(IVI)_XM6.xlsx,,,,,,YES,,,,,,,,,ivi: w,YES,,,,,,,,,ivi: w,,,,,,,,,,,,,1,*,*,*,*,*,,
,MSTR-013-0205300,,,,,,,,,,,,,,,,,,,,,,,,,,,,,,,,,,,,,,,,,,,,,,,,,,,,,,,,,,,,,,,,,,,,,,,,,,,,,,,,,,,,,,,,,,関連表1_I(IVI)_XM6.xlsx,,,,,,YES,,,,,,,,,ivi: w,YES,,,,,,,,,ivi: w,,,,,,,,,,,,,1,*,*,*,*,*,,
,MSTR-013-0205300_d0001,,,,,,,,,,,,,,,,,,,,,,,,,,,,,,,,,,,,,,,,,,,,,,,,,,,,,,,,,,,,,,,,,,,,,,,,,関連表1_I(IVI)_XM6.xlsx,,,,,,YES,,,,,,,,,,ivi: w,,,,,,,,,,,,,,,,,,,,,,,,,,,,,,,,,,,,,,,,,1,,,,,
,MSTR-013-0205400,,,,,,,,,,,,,,,,,,,,,,,,,,,,,,,,,,,,,,,,,,,,,,,,,,,,,,,,,,,,,,,,,,,,,,,,,,,,,,,,,,,,,,,,,,関連表1_I(IVI)_XM6.xlsx,,,,,,YES,,,,,,,,,ivi: w,YES,,,,,,,,,ivi: w,,,,,,,,,,,,,1,*,*,*,*,*,,
,MSTR-013-0205400_d0001,,,,,,,,,,,,,,,,,,,,,,,,,,,,,,,,,,,,,,,,,,,,,,,,,,,,,,,,,,,,,,,,,,,,,,,,,関連表1_I(IVI)_XM6.xlsx,,,,,,YES,,,,,,,,,,ivi: w,,,,,,,,,,,,,,,,,,,,,,,,,,,,,,,,,,,,,,,,,1,,,,,
,MSTR-013-0205500,,,,,,,,,,,,,,,,,,,,,,,,,,,,,,,,,,,,,,,,,,,,,,,,,,,,,,,,,,,,,,,,,,,,,,,,,,,,,,,,,,,,,,,,,,関連表1_I(IVI)_XM6.xlsx,,,,,,YES,,,,,,,,,ivi: w,YES,,,,,,,,,ivi: w,,,,,,,,,,,,,1,*,*,*,*,*,,
,MSTR-013-0205500_d0001,,,,,,,,,,,,,,,,,,,,,,,,,,,,,,,,,,,,,,,,,,,,,,,,,,,,,,,,,,,,,,,,,,,,,,,,,関連表1_I(IVI)_XM6.xlsx,,,,,,YES,,,,,,,,,,ivi: w,,,,,,,,,,,,,,,,,,,,,,,,,,,,,,,,,,,,,,,,,1,,,,,
,MSTR-013-0205600,,,,,,,,,,,,,,,,,,,,,,,,,,,,,,,,,,,,,,,,,,,,,,,,,,,,,,,,,,,,,,,,,,,,,,,,,,,,,,,,,,,,,,,,,,関連表1_I(IVI)_XM6.xlsx,,,,,,YES,,,,,,,,,ivi: w,YES,,,,,,,,,ivi: w,,,,,,,,,,,,,1,*,*,*,*,*,,
,MSTR-013-0205600_d0001,,,,,,,,,,,,,,,,,,,,,,,,,,,,,,,,,,,,,,,,,,,,,,,,,,,,,,,,,,,,,,,,,,,,,,,,,関連表1_I(IVI)_XM6.xlsx,,,,,,YES,,,,,,,,,,ivi: w,,,,,,,,,,,,,,,,,,,,,,,,,,,,,,,,,,,,,,,,,1,,,,,
,MSTR-013-0205700,,,,,,,,,,,,,,,,,,,,,,,,,,,,,,,,,,,,,,,,,,,,,,,,,,,,,,,,,,,,,,,,,,,,,,,,,,,,,,,,,,,,,,,,,,関連表1_I(IVI)_XM6.xlsx,,,,,,YES,,,,,,,,,ivi: w,YES,,,,,,,,,ivi: w,,,,,,,,,,,,,1,*,*,*,*,*,,
,MSTR-013-0205700_d0001,,,,,,,,,,,,,,,,,,,,,,,,,,,,,,,,,,,,,,,,,,,,,,,,,,,,,,,,,,,,,,,,,,,,,,,,,関連表1_I(IVI)_XM6.xlsx,,,,,,YES,,,,,,,,,,ivi: w,,,,,,,,,,,,,,,,,,,,,,,,,,,,,,,,,,,,,,,,,1,,,,,
,MSTR-013-0205800,,,,,,,,,,,,,,,,,,,,,,,,,,,,,,,,,,,,,,,,,,,,,,,,,,,,,,,,,,,,,,,,,,,,,,,,,,,,,,,,,,,,,,,,,,関連表1_I(IVI)_XM6.xlsx,,,,,,YES,,,,,,,,,ivi: w,YES,,,,,,,,,ivi: w,,,,,,,,,,,,,1,*,*,*,*,*,,
,MSTR-013-0205800_d0001,,,,,,,,,,,,,,,,,,,,,,,,,,,,,,,,,,,,,,,,,,,,,,,,,,,,,,,,,,,,,,,,,,,,,,,,,関連表1_I(IVI)_XM6.xlsx,,,,,,YES,,,,,,,,,,ivi: w,,,,,,,,,,,,,,,,,,,,,,,,,,,,,,,,,,,,,,,,,1,,,,,
,MSTR-013-0205900,,,,,,,,,,,,,,,,,,,,,,,,,,,,,,,,,,,,,,,,,,,,,,,,,,,,,,,,,,,,,,,,,,,,,,,,,,,,,,,,,,,,,,,,,,関連表1_I(IVI)_XM6.xlsx,,,,,,YES,,,,,,,,,ivi: w,YES,,,,,,,,,ivi: w,,,,,,,,,,,,,1,*,*,*,*,*,,
,MSTR-013-0206000,,,,,,,,,,,,,,,,,,,,,,,,,,,,,,,,,,,,,,,,,,,,,,,,,,,,,,,,,,,,,,,,,,,,,,,,,,,,,,,,,,,,,,,,,,関連表1_I(IVI)_XM6.xlsx,,,,,,YES,,,,,,,,,ivi: w,YES,,,,,,,,,ivi: w,,,,,,,,,,,,,1,*,*,*,*,*,,
,MSTR-013-0206100,,,,,,,,,,,,,,,,,,,,,,,,,,,,,,,,,,,,,,,,,,,,,,,,,,,,,,,,,,,,,,,,,,,,,,,,,,,,,,,,,,,,,,,,,,関連表1_I(IVI)_XM6.xlsx,,,,,,YES,,,,,,,,,ivi: w,YES,,,,,,,,,ivi: w,,,,,,,,,,,,,1,*,*,*,*,*,,
,MSTR-013-0206200,,,,,,,,,,,,,,,,,,,,,,,,,,,,,,,,,,,,,,,,,,,,,,,,,,,,,,,,,,,,,,,,,,,,,,,,,,,,,,,,,,,,,,,,,,関連表1_I(IVI)_XM6.xlsx,,,,,,YES,,,,,,,,,ivi: w,YES,,,,,,,,,ivi: w,,,,,,,,,,,,,1,*,*,*,*,*,,
,MSTR-013-0206300,,,,,,,,,,,,,,,,,,,,,,,,,,,,,,,,,,,,,,,,,,,,,,,,,,,,,,,,,,,,,,,,,,,,,,,,,,,,,,,,,,,,,,,,,,関連表1_I(IVI)_XM6.xlsx,,,,,,YES,,,,,,,,,ivi: w,YES,,,,,,,,,ivi: w,,,,,,,,,,,,,1,*,*,*,*,*,,
,MSTR-013-0206400,,,,,,,,,,,,,,,,,,,,,,,,,,,,,,,,,,,,,,,,,,,,,,,,,,,,,,,,,,,,,,,,,,,,,,,,,,,,,,,,,,,,,,,,,,関連表1_I(IVI)_XM6.xlsx,,,,,,YES,,,,,,,,,ivi: w,YES,,,,,,,,,ivi: w,,,,,,,,,,,,,1,*,*,*,*,*,,
,MSTR-013-0206500,,,,,,,,,,,,,,,,,,,,,,,,,,,,,,,,,,,,,,,,,,,,,,,,,,,,,,,,,,,,,,,,,,,,,,,,,,,,,,,,,,,,,,,,,,関連表1_I(IVI)_XM6.xlsx,,,,,,YES,,,,,,,,,ivi: w,YES,,,,,,,,,ivi: w,,,,,,,,,,,,,1,*,*,*,*,*,,
,MSTR-013-0206600,,,,,,,,,,,,,,,,,,,,,,,,,,,,,,,,,,,,,,,,,,,,,,,,,,,,,,,,,,,,,,,,,,,,,,,,,,,,,,,,,,,,,,,,,,関連表1_I(IVI)_XM6.xlsx,,,,,,YES,,,,,,,,,ivi: w,,,,,,,,,,,,,,,,,,,,,,,1,*,*,*,*,*,,
,MSTR-013-0206700,,,,,,,,,,,,,,,,,,,,,,,,,,,,,,,,,,,,,,,,,,,,,,,,,,,,,,,,,,,,,,,,,,,,,,,,,,,,,,,,,,,,,,,,,,関連表1_I(IVI)_XM6.xlsx,,,,,,YES,,,,,,,,,ivi: w,YES,,,,,,,,,ivi: w,,,,,,,,,,,,,1,*,*,*,*,*,,
,MSTR-013-0206800,,,,,,,,,,,,,,,,,,,,,,,,,,,,,,,,,,,,,,,,,,,,,,,,,,,,,,,,,,,,,,,,,,,,,,,,,関連表1_I(IVI)_XM6.xlsx,,,,,,YES,,,,,,,,,,ivi: w,,,,,,,,,,,,,,,,,,,,,,,,,,,,,,,,,,,,,,,,,1,,,,,
,MSTR-013-0206800_d0001,,,,,,,,,,,,,,,,,,,,,,,,,,,,,,,,,,,,,,,,,,,,,,,,,,,,,,,,,,,,,,,,,,,,,,,,,,,,,,,,,,,,,,,,,,関連表1_I(IVI)_XM6.xlsx,,,,,,YES,,,,,,,,,ivi: w,YES,,,,,,,,,ivi: w,,,,,,,,,,,,,1,*,*,*,*,*,,
,MSTR-013-0206900,,,,,,,,,,,,,,,,,,,,,,,,,,,,,,,,,,,,,,,,,,,,,,,,,,,,,,,,,,,,,,,,,,,,,,,,,,,,,,,,,,,,,,,,,,関連表1_I(IVI)_XM6.xlsx,,,,,,YES,,,,,,,,,ivi: w,YES,,,,,,,,,ivi: w,,,,,,,,,,,,,1,*,*,*,*,*,,
,MSTR-013-0207000,,,,,,,,,,,,,,,,,,,,,,,,,,,,,,,,,,,,,,,,,,,,,,,,,,,,,,,,,,,,,,,,,,,,,,,,,,,,,,,,,,,,,,,,,,関連表1_I(IVI)_XM6.xlsx,,,,,,YES,,,,,,,,,ivi: w,YES,,,,,,,,,ivi: w,,,,,,,,,,,,,1,*,*,*,*,*,,
,MSTR-013-0207100,,,,,,,,,,,,,,,,,,,,,,,,,,,,,,,,,,,,,,,,,,,,,,,,,,,,,,,,,,,,,,,,,,,,,,,,,,,,,,,,,,,,,,,,,,関連表1_I(IVI)_XM6.xlsx,,,,,,YES,,,,,,,,,ivi: w,YES,,,,,,,,,ivi: w,,,,,,,,,,,,,1,*,*,*,*,*,,
,MSTR-013-0207200,,,,,,,,,,,,,,,,,,,,,,,,,,,,,,,,,,,,,,,,,,,,,,,,,,,,,,,,,,,,,,,,,,,,,,,,,,,,,,,,,,,,,,,,,,関連表1_I(IVI)_XM6.xlsx,,,,,,YES,,,,,,,,,ivi: w,YES,,,,,,,,,ivi: w,,,,,,,,,,,,,1,*,*,*,*,*,,
,MSTR-013-0207300,,,,,,,,,,,,,,,,,,,,,,,,,,,,,,,,,,,,,,,,,,,,,,,,,,,,,,,,,,,,,,,,,,,,,,,,,,,,,,,,,,,,,,,,,,関連表1_I(IVI)_XM6.xlsx,,,,,,YES,,,,,,,,,ivi: w,YES,,,,,,,,,ivi: w,,,,,,,,,,,,,1,*,*,*,*,*,,
,MSTR-013-0207400,,,,,,,,,,,,,,,,,,,,,,,,,,,,,,,,,,,,,,,,,,,,,,,,,,,,,,,,,,,,,,,,,,,,,,,,,,,,,,,,,,,,,,,,,,関連表1_I(IVI)_XM6.xlsx,,,,,,YES,,,,,,,,,ivi: w,YES,,,,,,,,,ivi: w,,,,,,,,,,,,,1,*,*,*,*,*,,
,MSTR-013-0207500,,,,,,,,,,,,,,,,,,,,,,,,,,,,,,,,,,,,,,,,,,,,,,,,,,,,,,,,,,,,,,,,,,,,,,,,,,,,,,,,,,,,,,,,,,関連表1_I(IVI)_XM6.xlsx,,,,,,YES,,,,,,,,,ivi: w,YES,,,,,,,,,ivi: w,,,,,,,,,,,,,1,*,*,*,*,*,,
,MSTR-013-0207600,,,,,,,,,,,,,,,,,,,,,,,,,,,,,,,,,,,,,,,,,,,,,,,,,,,,,,,,,,,,,,,,,,,,,,,,,,,,,,,,,,,,,,,,,,関連表1_I(IVI)_XM6.xlsx,,,,,,YES,,,,,,,,,ivi: w,YES,,,,,,,,,ivi: w,,,,,,,,,,,,,1,*,*,*,*,*,,
,MSTR-013-0207700,,,,,,,,,,,,,,,,,,,,,,,,,,,,,,,,,,,,,,,,,,,,,,,,,,,,,,,,,,,,,,,,,,,,,,,,,,,,,,,,,,,,,,,,,,関連表1_I(IVI)_XM6.xlsx,,,,,,YES,,,,,,,,,ivi: w,YES,,,,,,,,,ivi: w,,,,,,,,,,,,,1,*,*,*,*,*,,
,MSTR-013-0207800,,,,,,,,,,,,,,,,,,,,,,,,,,,,,,,,,,,,,,,,,,,,,,,,,,,,,,,,,,,,,,,,,,,,,,,,,,,,,,,,,,,,,,,,,,関連表1_I(IVI)_XM6.xlsx,,,,,,YES,,,,,,,,,ivi: w,YES,,,,,,,,,ivi: w,,,,,,,,,,,,,1,*,*,*,*,*,,
,MSTR-013-0207900,,,,,,,,,,,,,,,,,,,,,,,,,,,,,,,,,,,,,,,,,,,,,,,,,,,,,,,,,,,,,,,,,,,,,,,,,,,,,,,,,,,,,,,,,,関連表1_I(IVI)_XM6.xlsx,,,,,,YES,,,,,,,,,ivi: w,YES,,,,,,,,,ivi: w,,,,,,,,,,,,,1,*,*,*,*,*,,
,MSTR-013-0208000,,,,,,,,,,,,,,,,,,,,,,,,,,,,,,,,,,,,,,,,,,,,,,,,,,,,,,,,,,,,,,,,,,,,,,,,,,,,,,,,,,,,,,,,,,関連表1_I(IVI)_XM6.xlsx,,,,,,YES,,,,,,,,,ivi: w,,,,,,,,,,,,,,,,,,,,,,,1,*,*,*,*,*,,
,MSTR-013-0208100,,,,,,,,,,,,,,,,,,,,,,,,,,,,,,,,,,,,,,,,,,,,,,,,,,,,,,,,,,,,,,,,,,,,,,,,,,,,,,,,,,,,,,,,,,関連表1_I(IVI)_XM6.xlsx,,,,,,YES,,,,,,,,,ivi: w,YES,,,,,,,,,ivi: w,,,,,,,,,,,,,1,*,*,*,*,*,,
,MSTR-013-0208200,,,,,,,,,,,,,,,,,,,,,,,,,,,,,,,,,,,,,,,,,,,,,,,,,,,,,,,,,,,,,,,,,,,,,,,,,,,,,,,,,,,,,,,,,,関連表1_I(IVI)_XM6.xlsx,,,,,,YES,,,,,,,,,ivi: w,YES,,,,,,,,,ivi: w,,,,,,,,,,,,,1,*,*,*,*,*,,
,MSTR-013-0208300,,,,,,,,,,,,,,,,,,,,,,,,,,,,,,,,,,,,,,,,,,,,,,,,,,,,,,,,,,,,,,,,,,,,,,,,,,,,,,,,,,,,,,,,,,関連表1_I(IVI)_XM6.xlsx,,,,,,YES,,,,,,,,,ivi: w,YES,,,,,,,,,ivi: w,,,,,,,,,,,,,1,*,*,*,*,*,,
,MSTR-013-0208400,,,,,,,,,,,,,,,,,,,,,,,,,,,,,,,,,,,,,,,,,,,,,,,,,,,,,,,,,,,,,,,,,,,,,,,,,,,,,,,,,,,,,,,,,,関連表1_I(IVI)_XM6.xlsx,,,,,,YES,,,,,,,,,ivi: w,YES,,,,,,,,,ivi: w,,,,,,,,,,,,,1,*,*,*,*,*,,
,MSTR-013-0208500,,,,,,,,,,,,,,,,,,,,,,,,,,,,,,,,,,,,,,,,,,,,,,,,,,,,,,,,,,,,,,,,,,,,,,,,,,,,,,,,,,,,,,,,,,関連表1_I(IVI)_XM6.xlsx,,,,,,YES,,,,,,,,,ivi: w,YES,,,,,,,,,ivi: w,,,,,,,,,,,,,1,*,*,*,*,*,,
,MSTR-013-0208600,,,,,,,,,,,,,,,,,,,,,,,,,,,,,,,,,,,,,,,,,,,,,,,,,,,,,,,,,,,,,,,,,,,,,,,,,,,,,,,,,,,,,,,,,,関連表1_I(IVI)_XM6.xlsx,,,,,,YES,,,,,,,,,ivi: w,YES,,,,,,,,,ivi: w,,,,,,,,,,,,,1,*,*,*,*,*,,
,MSTR-013-0208700,,,,,,,,,,,,,,,,,,,,,,,,,,,,,,,,,,,,,,,,,,,,,,,,,,,,,,,,,,,,,,,,,,,,,,,,,,,,,,,,,,,,,,,,,,関連表1_I(IVI)_XM6.xlsx,,,,,,YES,,,,,,,,,ivi: w,YES,,,,,,,,,ivi: w,,,,,,,,,,,,,1,*,*,*,*,*,,
,MSTR-013-0208800,,,,,,,,,,,,,,,,,,,,,,,,,,,,,,,,,,,,,,,,,,,,,,,,,,,,,,,,,,,,,,,,,,,,,,,,,,,,,,,,,,,,,,,,,,関連表1_I(IVI)_XM6.xlsx,,,,,,YES,,,,,,,,,ivi: w,YES,,,,,,,,,ivi: w,,,,,,,,,,,,,1,*,*,*,*,*,,
,MSTR-013-0208900,,,,,,,,,,,,,,,,,,,,,,,,,,,,,,,,,,,,,,,,,,,,,,,,,,,,,,,,,,,,,,,,,,,,,,,,,,,,,,,,,,,,,,,,,,関連表1_I(IVI)_XM6.xlsx,,,,,,YES,,,,,,,,,ivi: w,YES,,,,,,,,,ivi: w,,,,,,,,,,,,,1,*,*,*,*,*,,
,MSTR-013-0209000,,,,,,,,,,,,,,,,,,,,,,,,,,,,,,,,,,,,,,,,,,,,,,,,,,,,,,,,,,,,,,,,,,,,,,,,,,,,,,,,,,,,,,,,,,関連表1_I(IVI)_XM6.xlsx,,,,,,YES,,,,,,,,,ivi: w,YES,,,,,,,,,ivi: w,,,,,,,,,,,,,1,*,*,*,*,*,,
,MSTR-013-0209100,,,,,,,,,,,,,,,,,,,,,,,,,,,,,,,,,,,,,,,,,,,,,,,,,,,,,,,,,,,,,,,,,,,,,,,,,,,,,,,,,,,,,,,,,,関連表1_I(IVI)_XM6.xlsx,,,,,,YES,,,,,,,,,ivi: w,YES,,,,,,,,,ivi: w,,,,,,,,,,,,,1,*,*,*,*,*,,
,MSTR-013-0209200,,,,,,,,,,,,,,,,,,,,,,,,,,,,,,,,,,,,,,,,,,,,,,,,,,,,,,,,,,,,,,,,,,,,,,,,,,,,,,,,,,,,,,,,,,関連表1_I(IVI)_XM6.xlsx,,,,,,YES,,,,,,,,,ivi: w,YES,,,,,,,,,ivi: w,,,,,,,,,,,,,1,*,*,*,*,*,,
,MSTR-013-0209300,,,,,,,,,,,,,,,,,,,,,,,,,,,,,,,,,,,,,,,,,,,,,,,,,,,,,,,,,,,,,,,,,,,,,,,,,,,,,,,,,,,,,,,,,,関連表1_I(IVI)_XM6.xlsx,,,,,,YES,,,,,,,,,ivi: w,YES,,,,,,,,,ivi: w,,,,,,,,,,,,,1,*,*,*,*,*,,
,MSTR-013-0209400,,,,,,,,,,,,,,,,,,,,,,,,,,,,,,,,,,,,,,,,,,,,,,,,,,,,,,,,,,,,,,,,,,,,,,,,,,,,,,,,,,,,,,,,,,関連表1_I(IVI)_XM6.xlsx,,,,,,YES,,,,,,,,,ivi: w,YES,,,,,,,,,ivi: w,,,,,,,,,,,,,1,*,*,*,*,*,,
,MSTR-013-0209500,,,,,,,,,,,,,,,,,,,,,,,,,,,,,,,,,,,,,,,,,,,,,,,,,,,,,,,,,,,,,,,,,,,,,,,,,,,,,,,,,,,,,,,,,,関連表1_I(IVI)_XM6.xlsx,,,,,,YES,,,,,,,,,ivi: w,YES,,,,,,,,,ivi: w,,,,,,,,,,,,,1,*,*,*,*,*,,
,MSTR-013-0224700,,,,,,,,,,,,,,,,,,,,,,,,,,,,,,,,,,,,,,,,,,,,,,,,,,,,,,,,,,,,,,,,,,,,,,,,,,,,,,,,,,,,,,,,,,関連表1_I(テレマ)_XM6.xlsx,,,,,,YES,,,,,,,,,,YES,,,,,,,,,,,,,,,,,,,,,,1,*,*,*,*,*,,
,MSTR-013-0224800,,,,,,,,,,,,,,,,,,,,,,,,,,,,,,,,,,,,,,,,,,,,,,,,,,,,,,,,,,,,,,,,,,,,,,,,,,,,,,,,,,,,,,,,,,関連表1_I(テレマ)_XM6.xlsx,,,,,,YES,,,,,,,,,,YES,,,,,,,,,,,,,,,,,,,,,,1,*,*,*,*,*,,
,MSTR-013-0224900,,,,,,,,,,,,,,,,,,,,,,,,,,,,,,,,,,,,,,,,,,,,,,,,,,,,,,,,,,,,,,,,,,,,,,,,,,,,,,,,,,,,,,,,,,関連表1_I(テレマ)_XM6.xlsx,,,,,,YES,,,,,,,,,,YES,,,,,,,,,,,,,,,,,,,,,,1,*,*,*,*,*,,
,MSTR-013-0225000,,,,,,,,,,,,,,,,,,,,,,,,,,,,,,,,,,,,,,,,,,,,,,,,,,,,,,,,,,,,,,,,,,,,,,,,,,,,,,,,,,,,,,,,,,関連表1_I(テレマ)_XM6.xlsx,,,,,,YES,,,,,,,,,,YES,,,,,,,,,,,,,,,,,,,,,,1,*,*,*,*,*,,
,MSTR-013-0225100,,,,,,,,,,,,,,,,,,,,,,,,,,,,,,,,,,,,,,,,,,,,,,,,,,,,,,,,,,,,,,,,,,,,,,,,,,,,,,,,,,,,,,,,,,関連表1_I(テレマ)_XM6.xlsx,,,,,,YES,,,,,,,,,,YES,,,,,,,,,,,,,,,,,,,,,,1,*,*,*,*,*,,
,MSTR-013-0225200,,,,,,,,,,,,,,,,,,,,,,,,,,,,,,,,,,,,,,,,,,,,,,,,,,,,,,,,,,,,,,,,,,,,,,,,,,,,,,,,,,,,,,,,,,関連表1_I(テレマ)_XM6.xlsx,,,,,,YES,,,,,,,,,,YES,,,,,,,,,,,,,,,,,,,,,,1,*,*,*,*,*,,
,MSTR-013-0225300,,,,,,,,,,,,,,,,,,,,,,,,,,,,,,,,,,,,,,,,,,,,,,,,,,,,,,,,,,,,,,,,,,,,,,,,,,,,,,,,,,,,,,,,,,関連表1_I(テレマ)_XM6.xlsx,,,,,,YES,,,,,,,,,,YES,,,,,,,,,,,,,,,,,,,,,,1,*,*,*,*,*,,
,MSTR-013-0225400,,,,,,,,,,,,,,,,,,,,,,,,,,,,,,,,,,,,,,,,,,,,,,,,,,,,,,,,,,,,,,,,,,,,,,,,,,,,,,,,,,,,,,,,,,関連表1_I(テレマ)_XM6.xlsx,,,,,,YES,,,,,,,,,,YES,,,,,,,,,,,,,,,,,,,,,,1,*,*,*,*,*,,
,MSTR-013-0225500,,,,,,,,,,,,,,,,,,,,,,,,,,,,,,,,,,,,,,,,,,,,,,,,,,,,,,,,,,,,,,,,,,,,,,,,,,,,,,,,,,,,,,,,,,関連表1_I(テレマ)_XM6.xlsx,,,,,,YES,,,,,,,,,,YES,,,,,,,,,,,,,,,,,,,,,,1,*,*,*,*,*,,
,MSTR-013-0225600,,,,,,,,,,,,,,,,,,,,,,,,,,,,,,,,,,,,,,,,,,,,,,,,,,,,,,,,,,,,,,,,,,,,,,,,,,,,,,,,,,,,,,,,,,関連表1_I(テレマ)_XM6.xlsx,,,,,,YES,,,,,,,,,,YES,,,,,,,,,,,,,,,,,,,,,,1,*,*,*,*,*,,
,MSTR-013-0225700,,,,,,,,,,,,,,,,,,,,,,,,,,,,,,,,,,,,,,,,,,,,,,,,,,,,,,,,,,,,,,,,,,,,,,,,,,,,,,,,,,,,,,,,,,関連表1_I(テレマ)_XM6.xlsx,,,,,,YES,,,,,,,,,,YES,,,,,,,,,,,,,,,,,,,,,,1,*,*,*,*,*,,
,MSTR-013-0225800,,,,,,,,,,,,,,,,,,,,,,,,,,,,,,,,,,,,,,,,,,,,,,,,,,,,,,,,,,,,,,,,,,,,,,,,,,,,,,,,,,,,,,,,,,関連表1_I(テレマ)_XM6.xlsx,,,,,,YES,,,,,,,,,,YES,,,,,,,,,,,,,,,,,,,,,,1,*,*,*,*,*,,
,MSTR-013-0225900,,,,,,,,,,,,,,,,,,,,,,,,,,,,,,,,,,,,,,,,,,,,,,,,,,,,,,,,,,,,,,,,,,,,,,,,,,,,,,,,,,,,,,,,,,関連表1_I(テレマ)_XM6.xlsx,,,,,,YES,,,,,,,,,,YES,,,,,,,,,,,,,,,,,,,,,,1,*,*,*,*,*,,
,MSTR-013-0226000,,,,,,,,,,,,,,,,,,,,,,,,,,,,,,,,,,,,,,,,,,,,,,,,,,,,,,,,,,,,,,,,,,,,,,,,,,,,,,,,,,,,,,,,,,関連表1_I(テレマ)_XM6.xlsx,,,,,,YES,,,,,,,,,,YES,,,,,,,,,,,,,,,,,,,,,,1,*,*,*,*,*,,
,MSTR-013-0226100,,,,,,,,,,,,,,,,,,,,,,,,,,,,,,,,,,,,,,,,,,,,,,,,,,,,,,,,,,,,,,,,,,,,,,,,,,,,,,,,,,,,,,,,,,関連表1_I(テレマ)_XM6.xlsx,,,,,,YES,,,,,,,,,,YES,,,,,,,,,,,,,,,,,,,,,,1,*,*,*,*,*,,
,MSTR-013-0226200,,,,,,,,,,,,,,,,,,,,,,,,,,,,,,,,,,,,,,,,,,,,,,,,,,,,,,,,,,,,,,,,,,,,,,,,,,,,,,,,,,,,,,,,,,関連表1_I(テレマ)_XM6.xlsx,,,,,,YES,,,,,,,,,,YES,,,,,,,,,,,,,,,,,,,,,,1,*,*,*,*,*,,
,MSTR-013-0226300,,,,,,,,,,,,,,,,,,,,,,,,,,,,,,,,,,,,,,,,,,,,,,,,,,,,,,,,,,,,,,,,,,,,,,,,,,,,,,,,,,,,,,,,,,関連表1_I(テレマ)_XM6.xlsx,,,,,,YES,,,,,,,,,,YES,,,,,,,,,,,,,,,,,,,,,,1,*,*,*,*,*,,
,MSTR-013-0226400,,,,,,,,,,,,,,,,,,,,,,,,,,,,,,,,,,,,,,,,,,,,,,,,,,,,,,,,,,,,,,,,,,,,,,,,,,,,,,,,,,,,,,,,,,関連表1_I(テレマ)_XM6.xlsx,,,,,,YES,,,,,,,,,,YES,,,,,,,,,,,,,,,,,,,,,,1,*,*,*,*,*,,
,MSTR-013-0226500,,,,,,,,,,,,,,,,,,,,,,,,,,,,,,,,,,,,,,,,,,,,,,,,,,,,,,,,,,,,,,,,,,,,,,,,,,,,,,,,,,,,,,,,,,関連表1_I(テレマ)_XM6.xlsx,,,,,,YES,,,,,,,,,,YES,,,,,,,,,,,,,,,,,,,,,,1,*,*,*,*,*,,
,MSTR-013-0226600,,,,,,,,,,,,,,,,,,,,,,,,,,,,,,,,,,,,,,,,,,,,,,,,,,,,,,,,,,,,,,,,,,,,,,,,,,,,,,,,,,,,,,,,,,関連表1_I(テレマ)_XM6.xlsx,,,,,,YES,,,,,,,,,,YES,,,,,,,,,,,,,,,,,,,,,,1,*,*,*,*,*,,
,MSTR-013-0226700,,,,,,,,,,,,,,,,,,,,,,,,,,,,,,,,,,,,,,,,,,,,,,,,,,,,,,,,,,,,,,,,,,,,,,,,,,,,,,,,,,,,,,,,,,関連表1_I(テレマ)_XM6.xlsx,,,,,,YES,,,,,,,,,,YES,,,,,,,,,,,,,,,,,,,,,,1,*,*,*,*,*,,
,MSTR-013-0226800,,,,,,,,,,,,,,,,,,,,,,,,,,,,,,,,,,,,,,,,,,,,,,,,,,,,,,,,,,,,,,,,,,,,,,,,,,,,,,,,,,,,,,,,,,関連表1_I(テレマ)_XM6.xlsx,,,,,,YES,,,,,,,,,,YES,,,,,,,,,,,,,,,,,,,,,,1,*,*,*,*,*,,
,MSTR-013-0226900,,,,,,,,,,,,,,,,,,,,,,,,,,,,,,,,,,,,,,,,,,,,,,,,,,,,,,,,,,,,,,,,,,,,,,,,,,,,,,,,,,,,,,,,,,関連表1_I(テレマ)_XM6.xlsx,,,,,,YES,,,,,,,,,,YES,,,,,,,,,,,,,,,,,,,,,,1,*,*,*,*,*,,
,MSTR-013-0227000,,,,,,,,,,,,,,,,,,,,,,,,,,,,,,,,,,,,,,,,,,,,,,,,,,,,,,,,,,,,,,,,,,,,,,,,,,,,,,,,,,,,,,,,,,関連表1_I(テレマ)_XM6.xlsx,,,,,,YES,,,,,,,,,,YES,,,,,,,,,,,,,,,,,,,,,,1,*,*,*,*,*,,
,MSTR-013-0227100,,,,,,,,,,,,,,,,,,,,,,,,,,,,,,,,,,,,,,,,,,,,,,,,,,,,,,,,,,,,,,,,,,,,,,,,,,,,,,,,,,,,,,,,,,関連表1_I(テレマ)_XM6.xlsx,,,,,,YES,,,,,,,,,,YES,,,,,,,,,,,,,,,,,,,,,,1,*,*,*,*,*,,
,MSTR-013-0227200,,,,,,,,,,,,,,,,,,,,,,,,,,,,,,,,,,,,,,,,,,,,,,,,,,,,,,,,,,,,,,,,,,,,,,,,,,,,,,,,,,,,,,,,,,関連表1_I(テレマ)_XM6.xlsx,,,,,,YES,,,,,,,,,,YES,,,,,,,,,,,,,,,,,,,,,,1,*,*,*,*,*,,
,MSTR-013-0227300,,,,,,,,,,,,,,,,,,,,,,,,,,,,,,,,,,,,,,,,,,,,,,,,,,,,,,,,,,,,,,,,,,,,,,,,,,,,,,,,,,,,,,,,,,関連表1_I(テレマ)_XM6.xlsx,,,,,,YES,,,,,,,,,,YES,,,,,,,,,,,,,,,,,,,,,,1,*,*,*,*,*,,
,MSTR-013-0227400,,,,,,,,,,,,,,,,,,,,,,,,,,,,,,,,,,,,,,,,,,,,,,,,,,,,,,,,,,,,,,,,,,,,,,,,,,,,,,,,,,,,,,,,,,関連表1_I(テレマ)_XM6.xlsx,,,,,,YES,,,,,,,,,,YES,,,,,,,,,,,,,,,,,,,,,,1,*,*,*,*,*,,
,MSTR-013-0227500,,,,,,,,,,,,,,,,,,,,,,,,,,,,,,,,,,,,,,,,,,,,,,,,,,,,,,,,,,,,,,,,,,,,,,,,,,,,,,,,,,,,,,,,,,関連表1_I(テレマ)_XM6.xlsx,,,,,,YES,,,,,,,,,,YES,,,,,,,,,,,,,,,,,,,,,,1,*,*,*,*,*,,
,MSTR-013-0227600,,,,,,,,,,,,,,,,,,,,,,,,,,,,,,,,,,,,,,,,,,,,,,,,,,,,,,,,,,,,,,,,,,,,,,,,,,,,,,,,,,,,,,,,,,関連表1_I(テレマ)_XM6.xlsx,,,,,,YES,,,,,,,,,,YES,,,,,,,,,,,,,,,,,,,,,,1,*,*,*,*,*,,
,MSTR-013-0460600,,,,,,,,,,,,,,,,,,,,,,,,,,,,,,,,,,,,,,,,,,,,,,,,,,,,,,,,,,,,,,,,,,,,,,,,,,,,,,,,,,,,,,,,,,関連表1_I(Over all test)_XM6.xlsx,,,,,,YES,,,,,,,,,ivi: w,YES,,,,,,,,,ivi: w,,,,,,,,,,,,,1,*,*,*,*,*,,
,MSTR-013-0460700,,,,,,,,,,,,,,,,,,,,,,,,,,,,,,,,,,,,,,,,,,,,,,,,,,,,,,,,,,,,,,,,,,,,,,,,,,,,,,,,,,,,,,,,,,関連表1_I(Over all test)_XM6.xlsx,,,,,,YES,,,,,,,,,ivi: w,,,,,,,,,,,,,,,,,,,,,,,1,*,*,*,*,*,,
,MSTR-013-0460800,,,,,,,,,,,,,,,,,,,,,,,,,,,,,,,,,,,,,,,,,,,,,,,,,,,,,,,,,,,,,,,,,,,,,,,,,,,,,,,,,,,,,,,,,,関連表1_I(Over all test)_XM6.xlsx,,,,,,YES,,,,,,,,,ivi: w,YES,,,,,,,,,ivi: w,,,,,,,,,,,,,1,*,*,*,*,*,,
,MSTR-013-0460900,,,,,,,,,,,,,,,,,,,,,,,,,,,,,,,,,,,,,,,,,,,,,,,,,,,,,,,,,,,,,,,,,,,,,,,,,,,,,,,,,,,,,,,,,,関連表1_I(Over all test)_XM6.xlsx,,,,,,YES,,,,,,,,,ivi: w,YES,,,,,,,,,ivi: w,,,,,,,,,,,,,1,*,*,*,*,*,,
,MSTR-013-0461000,,,,,,,,,,,,,,,,,,,,,,,,,,,,,,,,,,,,,,,,,,,,,,,,,,,,,,,,,,,,,,,,,,,,,,,,,,,,,,,,,,,,,,,,,,関連表1_I(Over all test)_XM6.xlsx,,,,,,YES,,,,,,,,,ivi: w,YES,,,,,,,,,ivi: w,,,,,,,,,,,,,1,*,*,*,*,*,,
,MSTR-013-0461100,,,,,,,,,,,,,,,,,,,,,,,,,,,,,,,,,,,,,,,,,,,,,,,,,,,,,,,,,,,,,,,,,,,,,,,,,,,,,,,,,,,,,,,,,,関連表1_I(Over all test)_XM6.xlsx,,,,,,YES,,,,,,,,,ivi: w,YES,,,,,,,,,ivi: w,,,,,,,,,,,,,1,*,*,*,*,*,,
,MSTR-013-0461200,,,,,,,,,,,,,,,,,,,,,,,,,,,,,,,,,,,,,,,,,,,,,,,,,,,,,,,,,,,,,,,,,,,,,,,,,,,,,,,,,,,,,,,,,,関連表1_I(Over all test)_XM6.xlsx,,,,,,YES,,,,,,,,,ivi: w,YES,,,,,,,,,ivi: w,,,,,,,,,,,,,1,*,*,*,*,*,,
,MSTR-013-0461300,,,,,,,,,,,,,,,,,,,,,,,,,,,,,,,,,,,,,,,,,,,,,,,,,,,,,,,,,,,,,,,,,,,,,,,,,,,,,,,,,,,,,,,,,,関連表1_I(Over all test)_XM6.xlsx,,,,,,YES,,,,,,,,,ivi: w,YES,,,,,,,,,ivi: w,,,,,,,,,,,,,1,*,*,*,*,*,,
,MSTR-013-0461400,,,,,,,,,,,,,,,,,,,,,,,,,,,,,,,,,,,,,,,,,,,,,,,,,,,,,,,,,,,,,,,,,,,,,,,,,,,,,,,,,,,,,,,,,,関連表1_I(Over all test)_XM6.xlsx,,,,,,YES,,,,,,,,,ivi: w,YES,,,,,,,,,ivi: w,,,,,,,,,,,,,1,*,*,*,*,*,,
,MSTR-013-0461500,,,,,,,,,,,,,,,,,,,,,,,,,,,,,,,,,,,,,,,,,,,,,,,,,,,,,,,,,,,,,,,,,,,,,,,,,,,,,,,,,,,,,,,,,,関連表1_I(Over all test)_XM6.xlsx,,,,,,YES,,,,,,,,,ivi: w,YES,,,,,,,,,ivi: w,,,,,,,,,,,,,1,*,*,*,*,*,,
,MSTR-013-0461600,,,,,,,,,,,,,,,,,,,,,,,,,,,,,,,,,,,,,,,,,,,,,,,,,,,,,,,,,,,,,,,,,,,,,,,,,,,,,,,,,,,,,,,,,,関連表1_I(Over all test)_XM6.xlsx,,,,,,YES,,,,,,,,,ivi: w,YES,,,,,,,,,ivi: w,,,,,,,,,,,,,1,*,*,*,*,*,,
,MSTR-013-0461700,,,,,,,,,,,,,,,,,,,,,,,,,,,,,,,,,,,,,,,,,,,,,,,,,,,,,,,,,,,,,,,,,,,,,,,,,,,,,,,,,,,,,,,,,,関連表1_I(Over all test)_XM6.xlsx,,,,,,YES,,,,,,,,,ivi: w,YES,,,,,,,,,ivi: w,,,,,,,,,,,,,1,*,*,*,*,*,,
,MSTR-013-0468700,,,,,,,,,,,,,,,,,,,,,,,,,,,,,,,,,,,,,,,,,,,,,,,,,,,,,,,,,,,,,,,,,,,,,,,,,,,,,,,,,,,,,,,,,,関連表1_I(HF-VR-ETC)_XM6.xlsx,,,,,,YES,,,,,,,,,"handle: lhd, audio system: non-bose",YES,,,,,,,,,"handle: lhd, audio system: non-bose",,,,,,,,,,,,,1,*,,*,*,,,
,MSTR-013-0468700_d0001,,,,,,,,,,,,,,,,,,,,,,,,,,,,,,,,,,,,,,,,,,,,,,,,,,,,,,,,,,,,,,,,,,,,,,,,,,,,,,,,,,,,,,,,,,関連表1_I(HF-VR-ETC)_XM6.xlsx,,,,,,YES,,,,,,,,,"audio system: bose, handle: lhd",YES,,,,,,,,,"audio system: bose, handle: lhd",,,,,,,,,,,,,,,1,,,*,,
,MSTR-013-0468800,,,,,,,,,,,,,,,,,,,,,,,,,,,,,,,,,,,,,,,,,,,,,,,,,,,,,,,,,,,,,,,,,,,,,,,,,,,,,,,,,,,,,,,,,,関連表1_I(HF-VR-ETC)_XM6.xlsx,,,,,,YES,,,,,,,,,"handle: lhd, audio system: non-bose",YES,,,,,,,,,"handle: lhd, audio system: non-bose",,,,,,,,,,,,,1,*,,*,*,,,
,MSTR-013-0468800_d0001,,,,,,,,,,,,,,,,,,,,,,,,,,,,,,,,,,,,,,,,,,,,,,,,,,,,,,,,,,,,,,,,,,,,,,,,,,,,,,,,,,,,,,,,,,関連表1_I(HF-VR-ETC)_XM6.xlsx,,,,,,YES,,,,,,,,,"audio system: bose, handle: lhd",YES,,,,,,,,,"audio system: bose, handle: lhd",,,,,,,,,,,,,,,1,,,*,,
,MSTR-013-0468900,,,,,,,,,,,,,,,,,,,,,,,,,,,,,,,,,,,,,,,,,,,,,,,,,,,,,,,,,,,,,,,,,,,,,,,,,,,,,,,,,,,,,,,,,,関連表1_I(HF-VR-ETC)_XM6.xlsx,,,,,,YES,,,,,,,,,"handle: lhd, audio system: non-bose",YES,,,,,,,,,"handle: lhd, audio system: non-bose",,,,,,,,,,,,,1,*,,*,*,,,
,MSTR-013-0468900_d0001,,,,,,,,,,,,,,,,,,,,,,,,,,,,,,,,,,,,,,,,,,,,,,,,,,,,,,,,,,,,,,,,,,,,,,,,,,,,,,,,,,,,,,,,,,関連表1_I(HF-VR-ETC)_XM6.xlsx,,,,,,YES,,,,,,,,,"audio system: bose, handle: lhd",YES,,,,,,,,,"audio system: bose, handle: lhd",,,,,,,,,,,,,,,1,,,*,,
,MSTR-013-0469000,,,,,,,,,,,,,,,,,,,,,,,,,,,,,,,,,,,,,,,,,,,,,,,,,,,,,,,,,,,,,,,,,,,,,,,,,,,,,,,,,,,,,,,,,,関連表1_I(HF-VR-ETC)_XM6.xlsx,,,,,,YES,,,,,,,,,"handle: lhd, audio system: non-bose",YES,,,,,,,,,"handle: lhd, audio system: non-bose",,,,,,,,,,,,,1,*,,*,*,,,
,MSTR-013-0469000_d0001,,,,,,,,,,,,,,,,,,,,,,,,,,,,,,,,,,,,,,,,,,,,,,,,,,,,,,,,,,,,,,,,,,,,,,,,,,,,,,,,,,,,,,,,,,関連表1_I(HF-VR-ETC)_XM6.xlsx,,,,,,YES,,,,,,,,,"audio system: bose, handle: lhd",YES,,,,,,,,,"audio system: bose, handle: lhd",,,,,,,,,,,,,,,1,,,*,,
,MSTR-013-0469100,,,,,,,,,,,,,,,,,,,,,,,,,,,,,,,,,,,,,,,,,,,,,,,,,,,,,,,,,,,,,,,,,,,,,,,,,,,,,,,,,,,,,,,,,,関連表1_I(HF-VR-ETC)_XM6.xlsx,,,,,,YES,,,,,,,,,"handle: lhd, audio system: non-bose",YES,,,,,,,,,"handle: lhd, audio system: non-bose",,,,,,,,,,,,,1,*,,*,*,,,
,MSTR-013-0469100_d0001,,,,,,,,,,,,,,,,,,,,,,,,,,,,,,,,,,,,,,,,,,,,,,,,,,,,,,,,,,,,,,,,,,,,,,,,,,,,,,,,,,,,,,,,,,関連表1_I(HF-VR-ETC)_XM6.xlsx,,,,,,YES,,,,,,,,,"audio system: bose, handle: lhd",YES,,,,,,,,,"audio system: bose, handle: lhd",,,,,,,,,,,,,,,1,,,*,,
,MSTR-013-0469200,,,,,,,,,,,,,,,,,,,,,,,,,,,,,,,,,,,,,,,,,,,,,,,,,,,,,,,,,,,,,,,,,,,,,,,,,,,,,,,,,,,,,,,,,,関連表1_I(HF-VR-ETC)_XM6.xlsx,,,,,,YES,,,,,,,,,"handle: lhd, audio system: non-bose",YES,,,,,,,,,"handle: lhd, audio system: non-bose",,,,,,,,,,,,,1,*,,*,*,,,
,MSTR-013-0469200_d0001,,,,,,,,,,,,,,,,,,,,,,,,,,,,,,,,,,,,,,,,,,,,,,,,,,,,,,,,,,,,,,,,,,,,,,,,,,,,,,,,,,,,,,,,,,関連表1_I(HF-VR-ETC)_XM6.xlsx,,,,,,YES,,,,,,,,,"audio system: bose, handle: lhd",YES,,,,,,,,,"audio system: bose, handle: lhd",,,,,,,,,,,,,,,1,,,*,,
,MSTR-013-0470200,,,,,,,,,,,,,,,,,,,,,,,,,,,,,,,,,,,,,,,,,,,,,,,,,,,,,,,,,,,,,,,,,,,,,,,,,,,,,,,,,,,,,,,,,,関連表1_I(HF-VR-ETC)_XM6.xlsx,,,,,,YES,,,,,,,,,,YES,,,,,,,,,,,,,,,,,,,,,,,,,,,,要望仕様が存在しない,"AUDIO SYSTEM: CCS2.0 GAS, CCS2.0 NON-GAS, DA2(CCS2 DA), A-IVI2 PH1, CCS1.5 DA, LOWDA (PLUS), N18, P-IVI ST2.1/ST3.1A-IVI ST2.1/ST3.1, "
,MSTR-013-0470600,,,,,,,,,,,,,,,,,,,,,,,,,,,,,,,,,,,,,,,,,,,,,,,,,,,,,,,,,,,,,,,,,,,,,,,,,,,,,,,,,,,,,,,,,,関連表1_I(HF-VR-ETC)_XM6.xlsx,,,,,,YES,,,,,,,,,,YES,,,,,,,,,,,,,,,,,,,,,,,,,,,,要望仕様が存在しない,"AUDIO SYSTEM: CCS2.0 GAS, A-IVI2 PH1, GRADE: W, GRADE: (W, グレード選択:最上級)"
,MSTR-013-0470700,,,,,,,,,,,,,,,,,,,,,,,,,,,,,,,,,,,,,,,,,,,,,,,,,,,,,,,,,,,,,,,,,,,,,,,,,,,,,,,,,,,,,,,,,,関連表1_I(HF-VR-ETC)_XM6.xlsx,,,,,,YES,,,,,,,,,,YES,,,,,,,,,,,,,,,,,,,,,,,,,,,,要望仕様が存在しない,"AUDIO SYSTEM: CCS2.0 GAS, A-IVI2 PH1, CCS1.5 DA, LOWDA (PLUS), P-IVI ST2.1/ST3.1A-IVI ST2.1/ST3.1, "
,MSTR-013-0470800,,,,,,,,,,,,,,,,,,,,,,,,,,,,,,,,,,,,,,,,,,,,,,,,,,,,,,,,,,,,,,,,,,,,,,,,,,,,,,,,,,,,,,,,,,関連表1_I(HF-VR-ETC)_XM6.xlsx,,,,,,YES,,,,,,,,,audio system: non-bose,YES,,,,,,,,,audio system: non-bose,,,,,,,,,,,,,1,*,,*,*,,,
,MSTR-013-0470800_d0001,,,,,,,,,,,,,,,,,,,,,,,,,,,,,,,,,,,,,,,,,,,,,,,,,,,,,,,,,,,,,,,,,,,,,,,,,,,,,,,,,,,,,,,,,,関連表1_I(HF-VR-ETC)_XM6.xlsx,,,,,,YES,,,,,,,,,audio system: bose,YES,,,,,,,,,audio system: bose,,,,,,,,,,,,,,,1,,,*,,
,MSTR-013-0470900,,,,,,,,,,,,,,,,,,,,,,,,,,,,,,,,,,,,,,,,,,,,,,,,,,,,,,,,,,,,,,,,,,,,,,,,,,,,,,,,,,,,,,,,,,関連表1_I(HF-VR-ETC)_XM6.xlsx,,,,,,YES,,,,,,,,,audio system: non-bose,YES,,,,,,,,,audio system: non-bose,,,,,,,,,,,,,1,*,,*,*,,,
,MSTR-013-0470900_d0001,,,,,,,,,,,,,,,,,,,,,,,,,,,,,,,,,,,,,,,,,,,,,,,,,,,,,,,,,,,,,,,,,,,,,,,,,,,,,,,,,,,,,,,,,,関連表1_I(HF-VR-ETC)_XM6.xlsx,,,,,,YES,,,,,,,,,audio system: bose,YES,,,,,,,,,audio system: bose,,,,,,,,,,,,,,,1,,,*,,
,MSTR-013-0471000,,,,,,,,,,,,,,,,,,,,,,,,,,,,,,,,,,,,,,,,,,,,,,,,,,,,,,,,,,,,,,,,,,,,,,,,,,,,,,,,,,,,,,,,,,関連表1_I(HF-VR-ETC)_XM6.xlsx,,,,,,YES,,,,,,,,,,YES,,,,,,,,,,,,,,,,,,,,,,,,,,,,要望仕様が存在しない,"AUDIO SYSTEM: CCS2.0 GAS, A-IVI2 PH1, CCS1.5 DA, LOWDA (PLUS), P-IVI ST2.1/ST3.1A-IVI ST2.1/ST3.1, "
,MSTR-013-0471500,,,,,,,,,,,,,,,,,,,,,,,,,,,,,,,,,,,,,,,,,,,,,,,,,,,,,,,,,,,,,,,,,,,,,,,,,,,,,,,,,,,,,,,,,,関連表1_I(HF-VR-ETC)_XM6.xlsx,,,,,,YES,,,,,,,,,,YES,,,,,,,,,,,,,,,,,,,,,,,,,,,,要望仕様が存在しない,"AUDIO SYSTEM: CCS2.0 GAS, CCS2.0 NON-GAS, DA2(CCS2 DA), A-IVI2 PH1, CCS1.5 DA, LOWDA (PLUS), P-IVI ST2.1/ST3.1A-IVI ST2.1/ST3.1, "
,MSTR-013-0471600,,,,,,,,,,,,,,,,,,,,,,,,,,,,,,,,,,,,,,,,,,,,,,,,,,,,,,,,,,,,,,,,,,,,,,,,,,,,,,,,,,,,,,,,,,関連表1_I(HF-VR-ETC)_XM6.xlsx,,,,,,YES,,,,,,,,,,YES,,,,,,,,,,,,,,,,,,,,,,,,,,,,要望仕様が存在しない,"AUDIO SYSTEM: CCS2.0 GAS, CCS2.0 NON-GAS, DA2(CCS2 DA), A-IVI2 PH1, CCS1.5 DA, LOWDA (PLUS), P-IVI ST2.1/ST3.1A-IVI ST2.1/ST3.1, "
,MSTR-013-0471700,,,,,,,,,,,,,,,,,,,,,,,,,,,,,,,,,,,,,,,,,,,,,,,,,,,,,,,,,,,,,,,,,,,,,,,,,,,,,,,,,,,,,,,,,,関連表1_I(HF-VR-ETC)_XM6.xlsx,,,,,,YES,,,,,,,,,,,,,,,,,,,,,,,,,,,,,,,,,,,,,,要望仕様が存在しない,"AUDIO SYSTEM: CCS2.0 GAS, CCS2.0 NON-GAS, DA2(CCS2 DA), A-IVI2 PH1, P-IVI ST2.1/ST3.1A-IVI ST2.1/ST3.1, "
,MSTR-013-0471800,,,,,,,,,,,,,,,,,,,,,,,,,,,,,,,,,,,,,,,,,,,,,,,,,,,,,,,,,,,,,,,,,,,,,,,,,,,,,,,,,,,,,,,,,,関連表1_I(HF-VR-ETC)_XM6.xlsx,,,,,,YES,,,,,,,,,"handle: lhd, audio system: non-bose",YES,,,,,,,,,"handle: lhd, audio system: non-bose",,,,,,,,,,,,,1,*,,*,*,,,
,MSTR-013-0471800_d0001,,,,,,,,,,,,,,,,,,,,,,,,,,,,,,,,,,,,,,,,,,,,,,,,,,,,,,,,,,,,,,,,,,,,,,,,,,,,,,,,,,,,,,,,,,関連表1_I(HF-VR-ETC)_XM6.xlsx,,,,,,YES,,,,,,,,,"audio system: bose, handle: lhd",YES,,,,,,,,,"audio system: bose, handle: lhd",,,,,,,,,,,,,,,1,,,*,,
,MSTR-013-0472200,,,,,,,,,,,,,,,,,,,,,,,,,,,,,,,,,,,,,,,,,,,,,,,,,,,,,,,,,,,,,,,,,,,,,,,,,,,,,,,,,,,,,,,,,,関連表1_I(HF-VR-ETC)_XM6.xlsx,,,,,,YES,,,,,,,,,,YES,,,,,,,,,,,,,,,,,,,,,,,,,,,,要望仕様が存在しない,"AUDIO SYSTEM: CCS2.0 GAS, CCS2.0 NON-GAS, DA2(CCS2 DA), A-IVI2 PH1, CCS1.5 DA, LOWDA (PLUS), N18, P-IVI ST2.1/ST3.1A-IVI ST2.1/ST3.1, "
,MSTR-013-0472300,,,,,,,,,,,,,,,,,,,,,,,,,,,,,,,,,,,,,,,,,,,,,,,,,,,,,,,,,,,,,,,,,,,,,,,,,,,,,,,,,,,,,,,,,,関連表1_I(HF-VR-ETC)_XM6.xlsx,,,,,,YES,,,,,,,,,,YES,,,,,,,,,,,,,,,,,,,,,,,,,,,,要望仕様が存在しない,"AUDIO SYSTEM: CCS2.0 GAS, CCS2.0 NON-GAS, DA2(CCS2 DA), A-IVI2 PH1, CCS1.5 DA, P-IVI ST2.1/ST3.1A-IVI ST2.1/ST3.1, "
,MSTR-013-0472600,,,,,,,,,,,,,,,,,,,,,,,,,,,,,,,,,,,,,,,,,,,,,,,,,,,,,,,,,,,,,,,,,,,,,,,,,,,,,,,,,,,,,,,,,,関連表1_I(HF-VR-ETC)_XM6.xlsx,,,,,,YES,,,,,,,,,,YES,,,,,,,,,,,,,,,,,,,,,,,,,,,,要望仕様が存在しない,"HANDLE: ALL, AUDIO SYSTEM: CCS2.0 GAS, CCS2.0 NON-GAS, DA2(CCS2 DA), A-IVI2 PH1, CCS1.5 DA, LOWDA (PLUS), N18, P-IVI ST2.1/ST3.1A-IVI ST2.1/ST3.1, 単相(AC1): ALL, 三相(AC3): ALL, "
,MSTR-013-0472700,,,,,,,,,,,,,,,,,,,,,,,,,,,,,,,,,,,,,,,,,,,,,,,,,,,,,,,,,,,,,,,,,,,,,,,,,,,,,,,,,,,,,,,,,,関連表1_I(HF-VR-ETC)_XM6.xlsx,,,,,,YES,,,,,,,,,,YES,,,,,,,,,,,,,,,,,,,,,,,,,,,,要望仕様が存在しない,"HANDLE: ALL, AUDIO SYSTEM: CCS2.0 GAS, CCS2.0 NON-GAS, DA2(CCS2 DA), A-IVI2 PH1, CCS1.5 DA, LOWDA (PLUS), N18, P-IVI ST2.1/ST3.1A-IVI ST2.1/ST3.1, 単相(AC1): ALL, 三相(AC3): ALL, "
,MSTR-013-0472800,,,,,,,,,,,,,,,,,,,,,,,,,,,,,,,,,,,,,,,,,,,,,,,,,,,,,,,,,,,,,,,,,,,,,,,,,,,,,,,,,,,,,,,,,,関連表1_I(HF-VR-ETC)_XM6.xlsx,,,,,,YES,,,,,,,,,,YES,,,,,,,,,,,,,,,,,,,,,,,,,,,,要望仕様が存在しない,"HANDLE: ALL, AUDIO SYSTEM: CCS2.0 GAS, CCS2.0 NON-GAS, DA2(CCS2 DA), A-IVI2 PH1, CCS1.5 DA, LOWDA (PLUS), N18, P-IVI ST2.1/ST3.1A-IVI ST2.1/ST3.1, 単相(AC1): ALL, 三相(AC3): ALL, "
,MSTR-013-0472900,,,,,,,,,,,,,,,,,,,,,,,,,,,,,,,,,,,,,,,,,,,,,,,,,,,,,,,,,,,,,,,,,,,,,,,,,,,,,,,,,,,,,,,,,,関連表1_I(HF-VR-ETC)_XM6.xlsx,,,,,,YES,,,,,,,,,,YES,,,,,,,,,,,,,,,,,,,,,,,,,,,,要望仕様が存在しない,"HANDLE: ALL, AUDIO SYSTEM: CCS2.0 GAS, CCS2.0 NON-GAS, DA2(CCS2 DA), A-IVI2 PH1, CCS1.5 DA, LOWDA (PLUS), N18, P-IVI ST2.1/ST3.1A-IVI ST2.1/ST3.1, 単相(AC1): ALL, 三相(AC3): ALL, "
,MSTR-013-0473000,,,,,,,,,,,,,,,,,,,,,,,,,,,,,,,,,,,,,,,,,,,,,,,,,,,,,,,,,,,,,,,,,,,,,,,,,,,,,,,,,,,,,,,,,,関連表1_I(HF-VR-ETC)_XM6.xlsx,,,,,,YES,,,,,,,,,,YES,,,,,,,,,,,,,,,,,,,,,,,,,,,,要望仕様が存在しない,"HANDLE: ALL, AUDIO SYSTEM: CCS2.0 GAS, CCS2.0 NON-GAS, DA2(CCS2 DA), A-IVI2 PH1, CCS1.5 DA, LOWDA (PLUS), N18, P-IVI ST2.1/ST3.1A-IVI ST2.1/ST3.1, 単相(AC1): ALL, 三相(AC3): ALL, "
,MSTR-013-0473400,,,,,,,,,,,,,,,,,,,,,,,,,,,,,,,,,,,,,,,,,,,,,,,,,,,,,,,,,,,,,,,,,,,,,,,,,,,,,,,,,,,,,,,,,,関連表1_I(E2E)_XM6.xlsx,,,,,,YES,,,,,,,,,ccs2: w,YES,,,,,,,,,ccs2: w,,,,,,,,,,,,,1,*,*,*,*,*,,
,MSTR-013-0473500,,,,,,,,,,,,,,,,,,,,,,,,,,,,,,,,,,,,,,,,,,,,,,,,,,,,,,,,,,,,,,,,,,,,,,,,,,,,,,,,,,,,,,,,,,関連表1_I(E2E)_XM6.xlsx,,,,,,YES,,,,,,,,,ccs2: w,YES,,,,,,,,,ccs2: w,,,,,,,,,,,,,1,*,*,*,*,*,,
,MSTR-013-0473600,,,,,,,,,,,,,,,,,,,,,,,,,,,,,,,,,,,,,,,,,,,,,,,,,,,,,,,,,,,,,,,,,,,,,,,,,,,,,,,,,,,,,,,,,,関連表1_I(E2E)_XM6.xlsx,,,,,,YES,,,,,,,,,ccs2: w,YES,,,,,,,,,ccs2: w,,,,,,,,,,,,,1,*,*,*,*,*,,
,MSTR-013-0473700,,,,,,,,,,,,,,,,,,,,,,,,,,,,,,,,,,,,,,,,,,,,,,,,,,,,,,,,,,,,,,,,,,,,,,,,,,,,,,,,,,,,,,,,,,関連表1_I(E2E)_XM6.xlsx,,,,,,YES,,,,,,,,,ccs2: w,YES,,,,,,,,,ccs2: w,,,,,,,,,,,,,1,*,*,*,*,*,,
,MSTR-013-0473800,,,,,,,,,,,,,,,,,,,,,,,,,,,,,,,,,,,,,,,,,,,,,,,,,,,,,,,,,,,,,,,,,,,,,,,,,,,,,,,,,,,,,,,,,,関連表1_I(E2E)_XM6.xlsx,,,,,,YES,,,,,,,,,ccs2: w,YES,,,,,,,,,ccs2: w,,,,,,,,,,,,,1,*,*,*,*,*,,
,MSTR-013-0473900,,,,,,,,,,,,,,,,,,,,,,,,,,,,,,,,,,,,,,,,,,,,,,,,,,,,,,,,,,,,,,,,,,,,,,,,,,,,,,,,,,,,,,,,,,関連表1_I(E2E)_XM6.xlsx,,,,,,YES,,,,,,,,,ccs2: w,YES,,,,,,,,,ccs2: w,,,,,,,,,,,,,1,*,*,*,*,*,,
,MSTR-013-0474000,,,,,,,,,,,,,,,,,,,,,,,,,,,,,,,,,,,,,,,,,,,,,,,,,,,,,,,,,,,,,,,,,,,,,,,,,,,,,,,,,,,,,,,,,,関連表1_I(E2E)_XM6.xlsx,,,,,,YES,,,,,,,,,ccs2: w,YES,,,,,,,,,ccs2: w,,,,,,,,,,,,,1,*,*,*,*,*,,
,MSTR-013-0474100,,,,,,,,,,,,,,,,,,,,,,,,,,,,,,,,,,,,,,,,,,,,,,,,,,,,,,,,,,,,,,,,,,,,,,,,,,,,,,,,,,,,,,,,,,関連表1_I(E2E)_XM6.xlsx,,,,,,YES,,,,,,,,,ccs2: w,YES,,,,,,,,,ccs2: w,,,,,,,,,,,,,1,*,*,*,*,*,,
,MSTR-013-0474200,,,,,,,,,,,,,,,,,,,,,,,,,,,,,,,,,,,,,,,,,,,,,,,,,,,,,,,,,,,,,,,,,,,,,,,,,,,,,,,,,,,,,,,,,,関連表1_I(E2E)_XM6.xlsx,,,,,,YES,,,,,,,,,ccs2: w,YES,,,,,,,,,ccs2: w,,,,,,,,,,,,,1,*,*,*,*,*,,
,MSTR-013-0474300,,,,,,,,,,,,,,,,,,,,,,,,,,,,,,,,,,,,,,,,,,,,,,,,,,,,,,,,,,,,,,,,,,,,,,,,,,,,,,,,,,,,,,,,,,関連表1_I(E2E)_XM6.xlsx,,,,,,YES,,,,,,,,,ccs2: w,YES,,,,,,,,,ccs2: w,,,,,,,,,,,,,1,*,*,*,*,*,,
